Date,Open,High,Low,Close,Adj Close,Volume
2017-12-18,22224.0,22403.0,22207.0,22391.0,22391.0,357352400.0
2017-12-19,22382.0,22455.0,22254.0,22275.0,22275.0,342166700.0
2017-12-20,22335.0,22354.0,22089.0,22110.0,22110.0,309951200.0
2017-12-21,22112.0,22251.0,22000.0,22240.0,22240.0,326107200.0
2017-12-22,22166.0,22249.0,22116.0,22209.0,22209.0,228321600.0
2017-12-27,22257.0,22295.0,22121.0,22201.0,22201.0,221090700.0
2017-12-28,22188.0,22230.0,22098.0,22121.0,22121.0,233072900.0
2017-12-29,22144.0,22154.0,21834.0,21853.0,21853.0,247350500.0
2018-01-02,21899.0,21942.0,21614.0,21845.0,21845.0,317436400.0
2018-01-03,21890.0,21942.0,21719.0,21905.0,21905.0,305355700.0
2018-01-04,22012.0,22573.0,22012.0,22512.0,22512.0,414427700.0
2018-01-05,22548.0,22762.0,22534.0,22762.0,22762.0,319725100.0
2018-01-08,22868.0,22899.0,22705.0,22846.0,22846.0,340037900.0
2018-01-09,22850.0,23056.0,22840.0,23005.0,23005.0,319213500.0
2018-01-10,22979.0,23173.0,22956.0,23157.0,23157.0,522090700.0
2018-01-11,23156.0,23323.0,23130.0,23305.0,23305.0,438755500.0
2018-01-12,23428.0,23475.0,23344.0,23430.0,23430.0,364480900.0
2018-01-15,23459.0,23604.0,23332.0,23544.0,23544.0,286219100.0
2018-01-16,23538.0,23698.0,23443.0,23495.0,23495.0,368334600.0
2018-01-17,23370.0,23555.0,23356.0,23515.0,23515.0,364196600.0
2018-01-18,23580.0,23631.0,23439.0,23631.0,23631.0,374110900.0
2018-01-19,23628.0,23867.0,23603.0,23749.0,23749.0,400942200.0
2018-01-22,23672.0,23896.0,23630.0,23890.0,23890.0,380084400.0
2018-01-23,23985.0,24050.0,23787.0,23837.0,23837.0,363162100.0
2018-01-24,23816.0,23883.0,23623.0,23623.0,23623.0,349422800.0
2018-01-25,23616.0,23818.0,23600.0,23720.0,23720.0,419057300.0
2018-01-26,23725.0,23875.0,23698.0,23857.0,23857.0,311580600.0
2018-01-29,23898.0,23960.0,23774.0,23802.0,23802.0,355320600.0
2018-01-30,23682.0,23799.0,23412.0,23481.0,23481.0,512439200.0
2018-01-31,23505.0,23602.0,23420.0,23507.0,23507.0,377166900.0
2018-02-01,23639.0,23810.0,23436.0,23541.0,23541.0,427286100.0
2018-02-02,23545.0,23562.0,23184.0,23203.0,23203.0,435825900.0
2018-02-05,22916.0,23104.0,22818.0,22822.0,22822.0,464100500.0
2018-02-06,22003.0,22649.0,21982.0,22347.0,22347.0,850479800.0
2018-02-07,22606.0,23009.0,22400.0,22986.0,22986.0,685853900.0
2018-02-08,22875.0,22998.0,22393.0,22467.0,22467.0,618208800.0
2018-02-09,22339.0,22570.0,22042.0,22167.0,22167.0,610368500.0
2018-02-12,22389.0,22513.0,22231.0,22337.0,22337.0,374615400.0
2018-02-13,22335.0,22370.0,22034.0,22034.0,22034.0,375413300.0
2018-02-14,22192.0,22481.0,21908.0,22434.0,22434.0,545386000.0
2018-02-15,22537.0,22736.0,22393.0,22496.0,22496.0,432560900.0
2018-02-16,22717.0,22807.0,22618.0,22798.0,22798.0,338118300.0
2018-02-19,22853.0,22861.0,22569.0,22569.0,22569.0,224609500.0
2018-02-20,22580.0,22703.0,22477.0,22674.0,22674.0,364398300.0
2018-02-21,22615.0,22692.0,22449.0,22653.0,22653.0,342463100.0
2018-02-22,22517.0,22602.0,22270.0,22464.0,22464.0,375698900.0
2018-02-23,22469.0,22699.0,22395.0,22672.0,22672.0,410730700.0
2018-02-26,22776.0,22859.0,22619.0,22706.0,22706.0,305253500.0
2018-02-27,22756.0,22853.0,22639.0,22724.0,22724.0,386699600.0
2018-02-28,22603.0,22792.0,22602.0,22608.0,22608.0,389915800.0
2018-03-01,22527.0,22593.0,22344.0,22448.0,22448.0,391935800.0
2018-03-02,22284.0,22299.0,21833.0,21912.0,21912.0,508523400.0
2018-03-05,21469.0,21827.0,21460.0,21820.0,21820.0,547692200.0
2018-03-06,22000.0,22274.0,21950.0,22203.0,22203.0,647257900.0
2018-03-07,22134.0,22521.0,22101.0,22473.0,22473.0,591221200.0
2018-03-08,22515.0,22792.0,22417.0,22731.0,22731.0,689928700.0
2018-03-09,22711.0,22779.0,22622.0,22746.0,22746.0,566248000.0
2018-03-12,22889.0,22907.0,22711.0,22765.0,22765.0,350243700.0
2018-03-13,22807.0,22872.0,22589.0,22691.0,22691.0,458076600.0
2018-03-14,22695.0,22787.0,22401.0,22452.0,22452.0,435766800.0
2018-03-15,22540.0,22736.0,22454.0,22713.0,22713.0,509763500.0
2018-03-16,22780.0,22938.0,22685.0,22858.0,22858.0,717542200.0
2018-03-19,22843.0,22874.0,22595.0,22633.0,22633.0,349801600.0
2018-03-20,22641.0,22837.0,22597.0,22798.0,22798.0,361691100.0
2018-03-21,22838.0,22858.0,22674.0,22820.0,22820.0,352950500.0
2018-03-22,22694.0,22830.0,22208.0,22398.0,22398.0,474962400.0
2018-03-23,22127.0,22367.0,21965.0,22289.0,22289.0,469142100.0
2018-03-26,22354.0,22354.0,21921.0,22012.0,22012.0,362325200.0
2018-03-27,22337.0,22394.0,22171.0,22210.0,22210.0,336429900.0
2018-03-28,22014.0,22331.0,21919.0,22331.0,22331.0,409097800.0
2018-03-29,22381.0,22557.0,22327.0,22411.0,22411.0,327185400.0
2018-04-03,22289.0,22561.0,22220.0,22510.0,22510.0,345992400.0
2018-04-04,22524.0,22538.0,22206.0,22443.0,22443.0,353863600.0
2018-04-05,22734.0,22977.0,22714.0,22970.0,22970.0,470274400.0
2018-04-06,22933.0,23000.0,22866.0,22930.0,22930.0,602490300.0
2018-04-09,22997.0,23127.0,22947.0,23054.0,23054.0,599734500.0
2018-04-10,23167.0,23194.0,23037.0,23174.0,23174.0,654565900.0
2018-04-11,23133.0,23206.0,22958.0,23013.0,23013.0,662135300.0
2018-04-12,23023.0,23331.0,23007.0,23305.0,23305.0,447419600.0
2018-04-13,23322.0,23433.0,23278.0,23330.0,23330.0,399940500.0
2018-04-16,23343.0,23411.0,23292.0,23329.0,23329.0,296134200.0
2018-04-17,23407.0,23674.0,23387.0,23649.0,23649.0,488620800.0
2018-04-18,23687.0,23802.0,23605.0,23760.0,23760.0,409699000.0
2018-04-19,23766.0,23823.0,23697.0,23792.0,23792.0,391421900.0
2018-04-20,23803.0,23951.0,23699.0,23829.0,23829.0,468274600.0
2018-04-23,23783.0,23983.0,23766.0,23983.0,23983.0,395175000.0
2018-04-24,23936.0,24074.0,23934.0,24035.0,24035.0,454559500.0
2018-04-25,23933.0,24024.0,23680.0,23801.0,23801.0,440136600.0
2018-04-26,23853.0,24040.0,23801.0,24040.0,24040.0,380967600.0
2018-04-27,23998.0,24048.0,23801.0,23928.0,23928.0,354902700.0
2018-04-30,23939.0,24013.0,23823.0,23979.0,23979.0,337063500.0
2018-05-02,24015.0,24306.0,23999.0,24266.0,24266.0,461247800.0
2018-05-03,24229.0,24270.0,24027.0,24064.0,24064.0,358699100.0
2018-05-04,24175.0,24335.0,24144.0,24335.0,24335.0,534099100.0
2018-05-07,24355.0,24544.0,24275.0,24544.0,24544.0,390192300.0
2018-05-08,24488.0,24512.0,23951.0,24143.0,24143.0,665560700.0
2018-05-09,24218.0,24419.0,24209.0,24267.0,24267.0,470724900.0
2018-05-10,24280.0,24329.0,23871.0,24034.0,24034.0,596013000.0
2018-05-11,24123.0,24171.0,23970.0,24159.0,24159.0,413594100.0
2018-05-14,24160.0,24221.0,23960.0,24221.0,24221.0,305940700.0
2018-05-15,24144.0,24360.0,24142.0,24297.0,24297.0,461869800.0
2018-05-16,24176.0,24221.0,23617.0,23734.0,23734.0,777414200.0
2018-05-17,23831.0,23985.0,23613.0,23802.0,23802.0,561865800.0
2018-05-18,23919.0,23921.0,23384.0,23450.0,23450.0,763408300.0
2018-05-21,23083.0,23428.0,22952.0,23092.0,23092.0,551293800.0
2018-05-22,23135.0,23298.0,23024.0,23217.0,23217.0,538455700.0
2018-05-23,23061.0,23061.0,22754.0,22912.0,22912.0,457878400.0
2018-05-24,22990.0,23142.0,22627.0,22749.0,22749.0,459256400.0
2018-05-25,22795.0,22828.0,22205.0,22398.0,22398.0,716650400.0
2018-05-28,22635.0,22856.0,21797.0,21933.0,21933.0,680125000.0
2018-05-29,21554.0,21666.0,21123.0,21351.0,21351.0,1036363600.0
2018-05-30,21480.0,21870.0,21287.0,21798.0,21798.0,781761900.0
2018-05-31,21881.0,22100.0,21600.0,21784.0,21784.0,958403700.0
2018-06-01,22251.0,22416.0,22020.0,22110.0,22110.0,716898600.0
2018-06-04,22352.0,22381.0,21916.0,22010.0,22010.0,455517200.0
2018-06-05,21945.0,22195.0,21750.0,21750.0,21750.0,530623800.0
2018-06-06,21815.0,21877.0,21412.0,21808.0,21808.0,578760000.0
2018-06-07,21955.0,22073.0,21690.0,21768.0,21768.0,428230300.0
2018-06-08,21498.0,21661.0,21298.0,21356.0,21356.0,442915100.0
2018-06-11,21786.0,22139.0,21740.0,22086.0,22086.0,557914300.0
2018-06-12,22199.0,22340.0,21998.0,22120.0,22120.0,406674500.0
2018-06-13,22170.0,22364.0,22115.0,22216.0,22216.0,417754800.0
2018-06-14,22107.0,22517.0,21978.0,22486.0,22486.0,491746000.0
2018-06-15,22504.0,22508.0,22163.0,22190.0,22190.0,634104200.0
2018-06-18,22098.0,22199.0,21949.0,22099.0,22099.0,356939700.0
2018-06-19,21798.0,22172.0,21717.0,22084.0,22084.0,430897400.0
2018-06-20,22276.0,22325.0,22107.0,22121.0,22121.0,414101600.0
2018-06-21,22199.0,22235.0,21638.0,21673.0,21673.0,407073300.0
2018-06-22,21739.0,21958.0,21725.0,21888.0,21888.0,359000300.0
2018-06-25,21731.0,21762.0,21355.0,21355.0,21355.0,304202200.0
2018-06-26,21501.0,21580.0,21321.0,21419.0,21419.0,408545300.0
2018-06-27,21401.0,21727.0,21157.0,21558.0,21558.0,513263100.0
2018-06-28,21430.0,21626.0,21295.0,21432.0,21432.0,375562700.0
2018-06-29,21712.0,21843.0,21587.0,21626.0,21626.0,402258400.0
2018-07-02,21411.0,21534.0,21169.0,21427.0,21427.0,319464400.0
2018-07-03,21550.0,21825.0,21459.0,21764.0,21764.0,404344500.0
2018-07-04,21737.0,21775.0,21660.0,21687.0,21687.0,226779800.0
2018-07-05,21767.0,22040.0,21767.0,21914.0,21914.0,358476200.0
2018-07-06,21990.0,22010.0,21812.0,21926.0,21926.0,292681000.0
2018-07-09,22040.0,22090.0,21955.0,22033.0,22033.0,238081700.0
2018-07-10,22080.0,22194.0,21912.0,22057.0,22057.0,333095400.0
2018-07-11,21888.0,21907.0,21669.0,21708.0,21708.0,302140800.0
2018-07-12,21754.0,21836.0,21580.0,21790.0,21790.0,323964700.0
2018-07-13,21883.0,21962.0,21809.0,21892.0,21892.0,320565000.0
2018-07-16,21895.0,22072.0,21823.0,21823.0,21823.0,261290500.0
2018-07-17,21819.0,21996.0,21741.0,21978.0,21978.0,290647800.0
2018-07-18,22059.0,22066.0,21906.0,21972.0,21972.0,295425700.0
2018-07-19,21969.0,22067.0,21808.0,21885.0,21885.0,344181700.0
2018-07-20,21759.0,21855.0,21594.0,21795.0,21795.0,387408400.0
2018-07-23,21626.0,21778.0,21535.0,21605.0,21605.0,276006100.0
2018-07-24,21745.0,21904.0,21723.0,21875.0,21875.0,330384700.0
2018-07-25,21843.0,21937.0,21546.0,21561.0,21561.0,417430200.0
2018-07-26,21711.0,21873.0,21692.0,21863.0,21863.0,322929900.0
2018-07-27,21832.0,21970.0,21832.0,21955.0,21955.0,404165800.0
2018-07-30,21864.0,21970.0,21854.0,21941.0,21941.0,293427300.0
2018-07-31,21931.0,22244.0,21930.0,22216.0,22216.0,417525100.0
2018-08-01,22224.0,22224.0,21791.0,21791.0,21791.0,484075600.0
2018-08-02,21651.0,21678.0,21323.0,21415.0,21415.0,484060900.0
2018-08-03,21470.0,21694.0,21324.0,21587.0,21587.0,376805800.0
2018-08-06,21608.0,21638.0,21466.0,21580.0,21580.0,315083100.0
2018-08-07,21663.0,21887.0,21657.0,21854.0,21854.0,276949900.0
2018-08-08,21862.0,21950.0,21761.0,21790.0,21790.0,293476500.0
2018-08-09,21774.0,21809.0,21580.0,21634.0,21634.0,245826000.0
2018-08-10,21388.0,21448.0,20968.0,21091.0,21091.0,463584800.0
2018-08-13,20944.0,21060.0,20769.0,20969.0,20969.0,328280100.0
2018-08-14,21101.0,21139.0,20861.0,20906.0,20906.0,323574500.0
2018-08-16,20799.0,20903.0,20470.0,20524.0,20524.0,404352800.0
2018-08-17,20494.0,20573.0,20236.0,20415.0,20415.0,385902100.0
2018-08-20,20472.0,20560.0,20366.0,20471.0,20471.0,277182100.0
2018-08-21,20459.0,20832.0,20452.0,20784.0,20784.0,305322900.0
2018-08-22,20715.0,20832.0,20666.0,20700.0,20700.0,280909400.0
2018-08-23,20690.0,20734.0,20548.0,20609.0,20609.0,287074600.0
2018-08-24,20628.0,20775.0,20628.0,20742.0,20742.0,256902300.0
2018-08-27,20786.0,20801.0,20583.0,20798.0,20798.0,187209100.0
2018-08-28,20834.0,20844.0,20550.0,20620.0,20620.0,328995300.0
2018-08-29,20614.0,20760.0,20513.0,20760.0,20760.0,311408900.0
2018-08-30,20721.0,20781.0,20495.0,20495.0,20495.0,361464800.0
2018-08-31,20509.0,20519.0,20244.0,20269.0,20269.0,480358400.0
2018-09-03,20269.0,20414.0,20253.0,20396.0,20396.0,252617500.0
2018-09-04,20510.0,20650.0,20377.0,20601.0,20601.0,704572100.0
2018-09-05,20581.0,20877.0,20501.0,20582.0,20582.0,648308900.0
2018-09-06,20563.0,20761.0,20489.0,20527.0,20527.0,394861700.0
2018-09-07,20558.0,20602.0,20310.0,20448.0,20448.0,404107100.0
2018-09-10,20449.0,20995.0,20405.0,20919.0,20919.0,503038300.0
2018-09-11,21012.0,21022.0,20724.0,20854.0,20854.0,322939900.0
2018-09-12,20897.0,20966.0,20646.0,20963.0,20963.0,399578100.0
2018-09-13,20899.0,21052.0,20829.0,20846.0,20846.0,293896300.0
2018-09-14,20953.0,20959.0,20775.0,20885.0,20885.0,245503300.0
2018-09-17,20823.0,21149.0,20798.0,21111.0,21111.0,387699300.0
2018-09-18,21120.0,21228.0,21026.0,21228.0,21228.0,390704700.0
2018-09-19,21235.0,21324.0,21091.0,21281.0,21281.0,391674800.0
2018-09-20,21295.0,21476.0,21285.0,21388.0,21388.0,460993900.0
2018-09-21,21545.0,21653.0,21462.0,21537.0,21537.0,695497300.0
2018-09-24,21444.0,21487.0,21333.0,21340.0,21340.0,345524900.0
2018-09-25,21394.0,21669.0,21393.0,21669.0,21669.0,383515500.0
2018-09-26,21651.0,21680.0,21574.0,21646.0,21646.0,397300600.0
2018-09-27,21504.0,21548.0,21220.0,21511.0,21511.0,448084600.0
2018-09-28,21299.0,21299.0,20511.0,20712.0,20712.0,794451000.0
2018-10-01,20602.0,21078.0,20553.0,20610.0,20610.0,611286700.0
2018-10-02,20337.0,20659.0,20207.0,20562.0,20562.0,630204000.0
2018-10-03,20825.0,20871.0,20579.0,20736.0,20736.0,533967200.0
2018-10-04,20714.0,20770.0,20581.0,20613.0,20613.0,447946400.0
2018-10-05,20570.0,20584.0,20321.0,20346.0,20346.0,447419400.0
2018-10-08,20167.0,20175.0,19812.0,19851.0,19851.0,474856100.0
2018-10-09,19926.0,20138.0,19679.0,20062.0,20062.0,574460900.0
2018-10-10,19918.0,20138.0,19719.0,19719.0,19719.0,532764400.0
2018-10-11,19425.0,19664.0,19348.0,19357.0,19357.0,535548600.0
2018-10-12,19523.0,19572.0,19255.0,19256.0,19256.0,433328500.0
2018-10-15,19218.0,19336.0,19167.0,19288.0,19288.0,311385700.0
2018-10-16,19338.0,19725.0,19247.0,19718.0,19718.0,418407300.0
2018-10-17,19787.0,19912.0,19393.0,19455.0,19455.0,352218900.0
2018-10-18,19410.0,19598.0,19088.0,19088.0,19088.0,448478500.0
2018-10-19,19015.0,19193.0,18754.0,19080.0,19080.0,601303900.0
2018-10-22,19427.0,19467.0,18928.0,18966.0,18966.0,446271100.0
2018-10-23,18763.0,18955.0,18705.0,18802.0,18802.0,471285200.0
2018-10-24,18878.0,18925.0,18474.0,18485.0,18485.0,410557100.0
2018-10-25,18434.0,18832.0,18411.0,18815.0,18815.0,507402500.0
2018-10-26,18722.0,18726.0,18418.0,18683.0,18683.0,445580600.0
2018-10-29,18938.0,19212.0,18836.0,19040.0,19040.0,442158800.0
2018-10-30,19076.0,19181.0,18852.0,18999.0,18999.0,431529900.0
2018-10-31,19168.0,19229.0,19016.0,19050.0,19050.0,476919500.0
2018-11-01,19015.0,19282.0,18979.0,19185.0,19185.0,343925600.0
2018-11-02,19372.0,19529.0,19339.0,19390.0,19390.0,399937500.0
2018-11-05,19394.0,19397.0,19280.0,19281.0,19281.0,298059100.0
2018-11-06,19321.0,19321.0,19073.0,19268.0,19268.0,334516300.0
2018-11-07,19385.0,19609.0,19383.0,19541.0,19541.0,361676200.0
2018-11-08,19576.0,19624.0,19383.0,19429.0,19429.0,451450500.0
2018-11-09,19304.0,19334.0,19133.0,19258.0,19258.0,490169600.0
2018-11-12,19329.0,19369.0,19056.0,19056.0,19056.0,444952200.0
2018-11-13,19100.0,19257.0,18932.0,19227.0,19227.0,397377100.0
2018-11-14,19017.0,19257.0,18858.0,19077.0,19077.0,402957800.0
2018-11-15,19164.0,19223.0,18756.0,18905.0,18905.0,349894400.0
2018-11-16,19038.0,19098.0,18782.0,18878.0,18878.0,395682400.0
2018-11-19,18926.0,19134.0,18823.0,18823.0,18823.0,387883800.0
2018-11-20,18760.0,18808.0,18454.0,18471.0,18471.0,463635700.0
2018-11-21,18653.0,18784.0,18512.0,18732.0,18732.0,415493000.0
2018-11-22,18653.0,18765.0,18515.0,18603.0,18603.0,314663600.0
2018-11-23,18620.0,18783.0,18598.0,18715.0,18715.0,337560400.0
2018-11-26,19037.0,19320.0,19037.0,19233.0,19233.0,549808900.0
2018-11-27,19247.0,19310.0,19101.0,19150.0,19150.0,414608800.0
2018-11-28,19194.0,19250.0,19087.0,19115.0,19115.0,429815500.0
2018-11-29,19292.0,19339.0,19060.0,19160.0,19160.0,403505400.0
2018-11-30,19228.0,19235.0,19072.0,19189.0,19189.0,394511000.0
2018-12-03,19590.0,19675.0,19525.0,19622.0,19622.0,465360800.0
2018-12-04,19590.0,19623.0,19353.0,19353.0,19353.0,327064500.0
2018-12-05,19155.0,19395.0,19108.0,19329.0,19329.0,344432800.0
2018-12-06,19136.0,19138.0,18583.0,18644.0,18644.0,529533000.0
2018-12-07,18787.0,18961.0,18742.0,18742.0,18742.0,352771800.0
2018-12-10,18585.0,18709.0,18399.0,18410.0,18410.0,351547100.0
2018-12-11,18553.0,18768.0,18422.0,18591.0,18591.0,383944400.0
2018-12-12,18667.0,19021.0,18627.0,18946.0,18946.0,441794700.0
2018-12-13,19094.0,19210.0,18956.0,19049.0,19049.0,439975500.0
2018-12-14,18875.0,18968.0,18734.0,18911.0,18911.0,311941700.0
2018-12-17,18901.0,18914.0,18655.0,18693.0,18693.0,320391400.0
2018-12-18,18587.0,18787.0,18555.0,18645.0,18645.0,398116100.0
2018-12-19,18814.0,19021.0,18808.0,18942.0,18942.0,463962100.0
2018-12-20,18679.0,18759.0,18577.0,18577.0,18577.0,541967900.0
2018-12-21,18438.0,18484.0,18280.0,18397.0,18397.0,702608200.0
2018-12-27,18338.0,18358.0,17914.0,18065.0,18065.0,444607500.0
2018-12-28,18226.0,18385.0,18169.0,18324.0,18324.0,342714300.0
2019-01-02,18192.0,18410.0,17959.0,18331.0,18331.0,343914600.0
2019-01-03,18212.0,18425.0,18153.0,18218.0,18218.0,419430000.0
2019-01-04,18376.0,18832.0,18373.0,18832.0,18832.0,414845500.0
2019-01-07,18917.0,18968.0,18800.0,18953.0,18953.0,327490700.0
2019-01-08,18978.0,19193.0,18922.0,19000.0,19000.0,399111000.0
2019-01-09,19152.0,19297.0,19125.0,19179.0,19179.0,409097800.0
2019-01-10,19101.0,19301.0,19038.0,19301.0,19301.0,354622400.0
2019-01-11,19373.0,19386.0,19187.0,19290.0,19290.0,357851400.0
2019-01-14,19163.0,19235.0,19016.0,19171.0,19171.0,342051900.0
2019-01-15,19316.0,19379.0,19028.0,19165.0,19165.0,464042700.0
2019-01-16,19253.0,19478.0,19241.0,19478.0,19478.0,428622100.0
2019-01-17,19357.0,19512.0,19314.0,19470.0,19470.0,342927200.0
2019-01-18,19637.0,19723.0,19543.0,19708.0,19708.0,763361200.0
2019-01-21,19606.0,19639.0,19530.0,19639.0,19639.0,376648900.0
2019-01-22,19523.0,19584.0,19413.0,19437.0,19437.0,644478500.0
2019-01-23,19351.0,19555.0,19277.0,19400.0,19400.0,474470800.0
2019-01-24,19417.0,19663.0,19377.0,19564.0,19564.0,511265400.0
2019-01-25,19672.0,19825.0,19652.0,19811.0,19811.0,413862100.0
2019-01-28,19735.0,19776.0,19569.0,19608.0,19608.0,366757300.0
2019-01-29,19594.0,19771.0,19560.0,19702.0,19702.0,379532600.0
2019-01-30,19729.0,19772.0,19670.0,19772.0,19772.0,364751200.0
2019-01-31,19859.0,19905.0,19542.0,19731.0,19731.0,858335000.0
2019-02-01,19752.0,19840.0,19356.0,19577.0,19577.0,559619300.0
2019-02-04,19565.0,19660.0,19494.0,19606.0,19606.0,420694200.0
2019-02-05,19651.0,19848.0,19575.0,19833.0,19833.0,500293000.0
2019-02-06,19764.0,20010.0,19753.0,19996.0,19996.0,440012600.0
2019-02-07,19941.0,20002.0,19478.0,19478.0,19478.0,600364900.0
2019-02-08,19462.0,19593.0,19268.0,19352.0,19352.0,468512800.0
2019-02-11,19435.0,19686.0,19425.0,19587.0,19587.0,427018100.0
2019-02-12,19743.0,19861.0,19674.0,19805.0,19805.0,390650100.0
2019-02-13,19878.0,20048.0,19844.0,19990.0,19990.0,399263600.0
2019-02-14,20077.0,20091.0,19813.0,19835.0,19835.0,447041300.0
2019-02-15,19800.0,20271.0,19789.0,20212.0,20212.0,715474000.0
2019-02-18,20232.0,20348.0,20226.0,20330.0,20330.0,439081800.0
2019-02-19,20300.0,20361.0,20125.0,20228.0,20228.0,409234000.0
2019-02-20,20271.0,20311.0,20159.0,20304.0,20304.0,423094100.0
2019-02-21,20310.0,20346.0,20157.0,20210.0,20210.0,483809200.0
2019-02-22,20195.0,20293.0,20195.0,20263.0,20263.0,433670000.0
2019-02-25,20428.0,20488.0,20403.0,20437.0,20437.0,473937300.0
2019-02-26,20374.0,20507.0,20337.0,20460.0,20460.0,425903600.0
2019-02-27,20409.0,20561.0,20398.0,20499.0,20499.0,513160300.0
2019-02-28,20424.0,20683.0,20423.0,20659.0,20659.0,551080700.0
2019-03-01,20798.0,20836.0,20695.0,20695.0,20695.0,427725200.0
2019-03-04,20820.0,20857.0,20633.0,20718.0,20718.0,342298100.0
2019-03-05,20720.0,20827.0,20657.0,20716.0,20716.0,433780900.0
2019-03-06,20734.0,20906.0,20678.0,20852.0,20852.0,531969000.0
2019-03-07,20825.0,21010.0,20598.0,20698.0,20698.0,707971100.0
2019-03-08,20564.0,20674.0,20386.0,20484.0,20484.0,490944700.0
2019-03-11,20588.0,20656.0,20472.0,20638.0,20638.0,369862800.0
2019-03-12,20746.0,20746.0,20528.0,20631.0,20631.0,500906000.0
2019-03-13,20598.0,20758.0,20592.0,20749.0,20749.0,442591400.0
2019-03-14,20767.0,20971.0,20764.0,20877.0,20877.0,488084800.0
2019-03-15,20948.0,21112.0,20877.0,21045.0,21045.0,714128000.0
2019-03-18,21091.0,21255.0,21086.0,21235.0,21235.0,466280700.0
2019-03-19,21275.0,21484.0,21231.0,21430.0,21430.0,430734700.0
2019-03-20,21360.0,21477.0,21330.0,21330.0,21330.0,385296000.0
2019-03-21,21346.0,21441.0,21265.0,21373.0,21373.0,349253800.0
2019-03-22,21463.0,21464.0,21046.0,21079.0,21079.0,548497100.0
2019-03-25,21017.0,21224.0,20925.0,21060.0,21060.0,367269700.0
2019-03-26,21107.0,21185.0,20988.0,21139.0,21139.0,347037900.0
2019-03-27,21190.0,21424.0,21011.0,21194.0,21194.0,473969200.0
2019-03-28,21165.0,21213.0,21036.0,21081.0,21081.0,326023100.0
2019-03-29,21208.0,21295.0,21087.0,21286.0,21286.0,560557200.0
2019-04-01,21404.0,21547.0,21349.0,21520.0,21520.0,444344600.0
2019-04-02,21532.0,21572.0,21448.0,21523.0,21523.0,365165100.0
2019-04-03,21655.0,21789.0,21629.0,21756.0,21756.0,480225800.0
2019-04-04,21696.0,21742.0,21634.0,21706.0,21706.0,373581600.0
2019-04-05,21751.0,21824.0,21679.0,21759.0,21759.0,357901300.0
2019-04-08,21772.0,21810.0,21696.0,21772.0,21772.0,347374500.0
2019-04-09,21759.0,21898.0,21611.0,21672.0,21672.0,371716900.0
2019-04-10,21687.0,21761.0,21619.0,21672.0,21672.0,353450200.0
2019-04-11,21698.0,21770.0,21478.0,21685.0,21685.0,462740200.0
2019-04-12,21677.0,21912.0,21633.0,21858.0,21858.0,557602400.0
2019-04-15,21909.0,22004.0,21841.0,21892.0,21892.0,394044200.0
2019-04-16,21919.0,21982.0,21806.0,21919.0,21919.0,409160800.0
2019-04-17,21939.0,22053.0,21889.0,22001.0,22001.0,514517400.0
2019-04-18,21995.0,22024.0,21789.0,21957.0,21957.0,459091800.0
2019-04-23,21951.0,21952.0,21818.0,21897.0,21897.0,401468700.0
2019-04-24,21839.0,21890.0,21667.0,21724.0,21724.0,464647800.0
2019-04-25,21698.0,21776.0,21653.0,21720.0,21720.0,292361100.0
2019-04-26,21722.0,21770.0,21590.0,21738.0,21738.0,326486200.0
2019-04-29,21772.0,21844.0,21652.0,21789.0,21789.0,324648600.0
2019-04-30,21770.0,21887.0,21753.0,21881.0,21881.0,339718700.0
2019-05-02,21834.0,21915.0,21677.0,21710.0,21710.0,359603300.0
2019-05-03,21713.0,21812.0,21665.0,21763.0,21763.0,308603200.0
2019-05-06,21317.0,21469.0,21246.0,21409.0,21409.0,356675600.0
2019-05-07,21444.0,21555.0,21173.0,21219.0,21219.0,509334800.0
2019-05-08,21207.0,21257.0,21031.0,21204.0,21204.0,468009600.0
2019-05-09,21102.0,21104.0,20789.0,20817.0,20817.0,501271000.0
2019-05-10,21006.0,21051.0,20837.0,20875.0,20875.0,372063000.0
2019-05-13,20909.0,20911.0,20586.0,20594.0,20594.0,446913000.0
2019-05-14,20700.0,20893.0,20650.0,20893.0,20893.0,456220900.0
2019-05-15,20898.0,20905.0,20556.0,20863.0,20863.0,586426500.0
2019-05-16,20838.0,21152.0,20768.0,21152.0,21152.0,501407600.0
2019-05-17,21151.0,21164.0,20979.0,21105.0,21105.0,524970900.0
2019-05-20,20746.0,20909.0,20486.0,20540.0,20540.0,546435600.0
2019-05-21,20638.0,20709.0,20583.0,20699.0,20699.0,480199600.0
2019-05-22,20652.0,20738.0,20503.0,20573.0,20573.0,438055800.0
2019-05-23,20424.0,20470.0,20122.0,20136.0,20136.0,516690100.0
2019-05-24,20261.0,20464.0,20245.0,20376.0,20376.0,425582400.0
2019-05-27,20417.0,20683.0,20299.0,20363.0,20363.0,308042900.0
2019-05-28,20349.0,20359.0,20093.0,20261.0,20261.0,708887600.0
2019-05-29,20087.0,20104.0,19928.0,20000.0,20000.0,388969800.0
2019-05-30,20073.0,20173.0,19879.0,19948.0,19948.0,311765100.0
2019-05-31,19730.0,19829.0,19536.0,19802.0,19802.0,462779900.0
2019-06-03,19680.0,19881.0,19594.0,19874.0,19874.0,343590400.0
2019-06-04,19778.0,20245.0,19753.0,20229.0,20229.0,456040800.0
2019-06-05,20229.0,20264.0,20035.0,20156.0,20156.0,438219600.0
2019-06-06,20147.0,20396.0,20079.0,20178.0,20178.0,437586300.0
2019-06-07,20248.0,20454.0,20237.0,20361.0,20361.0,343927900.0
2019-06-10,20465.0,20496.0,20345.0,20485.0,20485.0,252709300.0
2019-06-11,20495.0,20705.0,20482.0,20610.0,20610.0,372924300.0
2019-06-12,20494.0,20545.0,20429.0,20463.0,20463.0,325198000.0
2019-06-13,20447.0,20659.0,20391.0,20631.0,20631.0,294536300.0
2019-06-14,20586.0,20647.0,20534.0,20612.0,20612.0,273495300.0
2019-06-17,20660.0,20722.0,20602.0,20626.0,20626.0,260285300.0
2019-06-18,20632.0,21157.0,20510.0,21134.0,21134.0,519026800.0
2019-06-19,21140.0,21244.0,21070.0,21221.0,21221.0,521632300.0
2019-06-20,21355.0,21498.0,21346.0,21361.0,21361.0,571270800.0
2019-06-21,21377.0,21511.0,21336.0,21389.0,21389.0,785052200.0
2019-06-24,21315.0,21472.0,21262.0,21284.0,21284.0,324441800.0
2019-06-25,21225.0,21283.0,21112.0,21128.0,21128.0,303147100.0
2019-06-26,21082.0,21240.0,21020.0,21057.0,21057.0,356270000.0
2019-06-27,21140.0,21202.0,20997.0,21111.0,21111.0,322638700.0
2019-06-28,21132.0,21252.0,21079.0,21235.0,21235.0,338951200.0
2019-07-01,21464.0,21482.0,21254.0,21254.0,21254.0,344110500.0
2019-07-02,21320.0,21435.0,21245.0,21393.0,21393.0,327322300.0
2019-07-03,21415.0,21912.0,21404.0,21905.0,21905.0,567009000.0
2019-07-04,21957.0,22175.0,21930.0,22121.0,22121.0,473828700.0
2019-07-05,22130.0,22142.0,21926.0,21986.0,21986.0,372561300.0
2019-07-08,21942.0,22051.0,21912.0,21976.0,21976.0,320240600.0
2019-07-09,21930.0,22003.0,21820.0,21886.0,21886.0,347663600.0
2019-07-10,21894.0,22186.0,21879.0,22045.0,22045.0,355846800.0
2019-07-11,22150.0,22270.0,22126.0,22169.0,22169.0,328046100.0
2019-07-12,22182.0,22263.0,22175.0,22183.0,22183.0,314774600.0
2019-07-15,22239.0,22330.0,22127.0,22178.0,22178.0,285274600.0
2019-07-16,22158.0,22273.0,22079.0,22204.0,22204.0,313883700.0
2019-07-17,22160.0,22237.0,22036.0,22079.0,22079.0,334285900.0
2019-07-18,21950.0,22196.0,21925.0,22091.0,22091.0,317501100.0
2019-07-19,22195.0,22198.0,21628.0,21641.0,21641.0,493802000.0
2019-07-22,21616.0,21747.0,21588.0,21736.0,21736.0,289944800.0
2019-07-23,21824.0,22008.0,21796.0,21955.0,21955.0,322261700.0
2019-07-24,21996.0,22087.0,21934.0,22080.0,22080.0,302986700.0
2019-07-25,22158.0,22357.0,21779.0,21903.0,21903.0,464940800.0
2019-07-26,21909.0,21911.0,21764.0,21838.0,21838.0,394095500.0
2019-07-29,21784.0,21865.0,21709.0,21709.0,21709.0,299188000.0
2019-07-30,21695.0,21695.0,21235.0,21278.0,21278.0,469200300.0
2019-07-31,21300.0,21422.0,21265.0,21398.0,21398.0,369458500.0
2019-08-01,21307.0,21606.0,21303.0,21567.0,21567.0,361628700.0
2019-08-02,21155.0,21303.0,21039.0,21047.0,21047.0,463156900.0
2019-08-05,20880.0,20964.0,20688.0,20773.0,20773.0,414502000.0
2019-08-06,20814.0,20915.0,20632.0,20632.0,20632.0,312209800.0
2019-08-07,20669.0,20810.0,20407.0,20539.0,20539.0,458261200.0
2019-08-08,20737.0,20841.0,20598.0,20841.0,20841.0,345985900.0
2019-08-09,20505.0,20584.0,20296.0,20324.0,20324.0,621898600.0
2019-08-12,20446.0,20560.0,20243.0,20264.0,20264.0,328344800.0
2019-08-13,20191.0,20597.0,20067.0,20539.0,20539.0,506203600.0
2019-08-14,20525.0,20525.0,19936.0,20020.0,20020.0,450629900.0
2019-08-16,20083.0,20348.0,20010.0,20323.0,20323.0,539327500.0
2019-08-19,20506.0,20730.0,20472.0,20715.0,20715.0,354908200.0
2019-08-20,20673.0,20718.0,20452.0,20485.0,20485.0,323170700.0
2019-08-21,20563.0,20911.0,20562.0,20847.0,20847.0,308790900.0
2019-08-22,20793.0,21044.0,20768.0,20817.0,20817.0,342319300.0
2019-08-23,20963.0,20965.0,20474.0,20474.0,20474.0,399795800.0
2019-08-26,20482.0,20721.0,20367.0,20677.0,20677.0,304979300.0
2019-08-27,20733.0,21061.0,20664.0,20991.0,20991.0,396647200.0
2019-08-28,20983.0,21013.0,20831.0,20991.0,20991.0,360705000.0
2019-08-29,21020.0,21441.0,20973.0,21398.0,21398.0,523182500.0
2019-08-30,21400.0,21559.0,21255.0,21323.0,21323.0,402872700.0
2019-09-02,21390.0,21567.0,21389.0,21452.0,21452.0,227807500.0
2019-09-03,21438.0,21497.0,21311.0,21399.0,21399.0,283939100.0
2019-09-04,21665.0,21777.0,21630.0,21738.0,21738.0,408310000.0
2019-09-05,21853.0,21955.0,21796.0,21955.0,21955.0,444458900.0
2019-09-06,21967.0,22010.0,21857.0,21947.0,21947.0,396569400.0
2019-09-09,22008.0,22041.0,21935.0,21990.0,21990.0,358176500.0
2019-09-10,21964.0,21989.0,21824.0,21869.0,21869.0,465833900.0
2019-09-11,21994.0,22033.0,21796.0,21892.0,21892.0,520578100.0
2019-09-12,21983.0,22141.0,21835.0,22083.0,22083.0,576922200.0
2019-09-13,22127.0,22230.0,22076.0,22181.0,22181.0,489149200.0
2019-09-16,22125.0,22139.0,21898.0,21969.0,21969.0,433352100.0
2019-09-17,21964.0,21989.0,21783.0,21802.0,21802.0,402607500.0
2019-09-18,21787.0,22009.0,21774.0,21948.0,21948.0,323308900.0
2019-09-19,21965.0,22160.0,21930.0,22128.0,22128.0,409468500.0
2019-09-20,22191.0,22283.0,22112.0,22123.0,22123.0,639677700.0
2019-09-23,22088.0,22111.0,21831.0,21900.0,21900.0,369579300.0
2019-09-24,21955.0,21994.0,21885.0,21901.0,21901.0,329448400.0
2019-09-25,21796.0,21806.0,21492.0,21788.0,21788.0,383403300.0
2019-09-26,21791.0,22006.0,21778.0,21948.0,21948.0,322274800.0
2019-09-27,,,,,,
2019-09-30,22008.0,22131.0,21935.0,22108.0,22108.0,331571400.0
2019-10-01,22185.0,22294.0,21928.0,21928.0,21928.0,430463500.0
2019-10-02,21872.0,21893.0,21298.0,21298.0,21298.0,552414200.0
2019-10-03,21302.0,21457.0,21127.0,21312.0,21312.0,391603300.0
2019-10-04,21374.0,21473.0,21258.0,21470.0,21470.0,411527400.0
2019-10-07,21442.0,21652.0,21379.0,21652.0,21652.0,258014500.0
2019-10-08,21681.0,21685.0,21337.0,21406.0,21406.0,320247200.0
2019-10-09,21414.0,21649.0,21366.0,21534.0,21534.0,328849800.0
2019-10-10,21555.0,21764.0,21420.0,21756.0,21756.0,414631200.0
2019-10-11,21838.0,22165.0,21776.0,22165.0,22165.0,518465900.0
2019-10-14,22108.0,22156.0,21992.0,22098.0,22098.0,294669400.0
2019-10-15,22244.0,22399.0,22168.0,22365.0,22365.0,413132500.0
2019-10-16,22388.0,22514.0,22286.0,22428.0,22428.0,495250600.0
2019-10-17,22380.0,22663.0,22373.0,22376.0,22376.0,438017500.0
2019-10-18,22406.0,22450.0,22291.0,22322.0,22322.0,397160800.0
2019-10-21,22347.0,22501.0,22344.0,22478.0,22478.0,371778600.0
2019-10-22,22504.0,22525.0,22361.0,22487.0,22487.0,343207300.0
2019-10-23,22377.0,22441.0,22284.0,22351.0,22351.0,376068700.0
2019-10-24,22446.0,22548.0,22397.0,22527.0,22527.0,406303700.0
2019-10-25,22554.0,22609.0,22466.0,22609.0,22609.0,246328600.0
2019-10-28,22597.0,22749.0,22529.0,22696.0,22696.0,272005000.0
2019-10-29,22703.0,22748.0,22615.0,22681.0,22681.0,327253200.0
2019-10-30,22700.0,22782.0,22454.0,22646.0,22646.0,440251100.0
2019-10-31,22659.0,22783.0,22584.0,22694.0,22694.0,435498500.0
2019-11-01,22735.0,22946.0,22721.0,22934.0,22934.0,289466200.0
2019-11-04,23041.0,23349.0,23027.0,23311.0,23311.0,437875800.0
2019-11-05,23346.0,23436.0,23295.0,23365.0,23365.0,486391800.0
2019-11-06,23375.0,23415.0,23309.0,23373.0,23373.0,438771400.0
2019-11-07,23487.0,23585.0,23445.0,23503.0,23503.0,499285200.0
2019-11-08,23478.0,23562.0,23354.0,23534.0,23534.0,596251800.0
2019-11-11,23454.0,23516.0,23396.0,23490.0,23490.0,369318400.0
2019-11-12,23555.0,23828.0,23548.0,23782.0,23782.0,436422200.0
2019-11-13,23696.0,23727.0,23436.0,23578.0,23578.0,399806100.0
2019-11-14,23576.0,23641.0,23480.0,23481.0,23481.0,378029000.0
2019-11-15,23600.0,23632.0,23463.0,23589.0,23589.0,337912500.0
2019-11-18,23572.0,23615.0,23350.0,23464.0,23464.0,374167800.0
2019-11-19,23520.0,23660.0,23303.0,23329.0,23329.0,374663800.0
2019-11-20,23221.0,23384.0,23150.0,23352.0,23352.0,419633500.0
2019-11-21,23195.0,23372.0,23105.0,23280.0,23280.0,477095700.0
2019-11-22,23325.0,23462.0,23255.0,23260.0,23260.0,372915500.0
2019-11-25,23398.0,23497.0,23384.0,23455.0,23455.0,297104600.0
2019-11-26,23476.0,23570.0,23359.0,23547.0,23547.0,473714000.0
2019-11-27,23624.0,23651.0,23452.0,23485.0,23485.0,332169700.0
2019-11-28,23401.0,23481.0,23270.0,23342.0,23342.0,237624600.0
2019-11-29,23268.0,23425.0,23207.0,23259.0,23259.0,265983000.0
2019-12-02,23298.0,23403.0,22698.0,22729.0,22729.0,452945300.0
2019-12-03,22845.0,22987.0,22581.0,22737.0,22737.0,367761300.0
2019-12-04,22737.0,23036.0,22733.0,23034.0,23034.0,324496600.0
2019-12-05,23049.0,23191.0,22946.0,22969.0,22969.0,298652300.0
2019-12-06,23055.0,23220.0,22940.0,23183.0,23183.0,294138000.0
2019-12-09,23215.0,23233.0,22856.0,22957.0,22957.0,302722800.0
2019-12-10,22936.0,23141.0,22790.0,23123.0,23123.0,298165100.0
2019-12-11,23101.0,23203.0,23038.0,23156.0,23156.0,283415000.0
2019-12-12,23229.0,23488.0,23161.0,23391.0,23391.0,413347000.0
2019-12-13,23714.0,23728.0,23272.0,23329.0,23329.0,478941300.0
2019-12-16,23436.0,23550.0,23388.0,23525.0,23525.0,276509700.0
2019-12-17,23536.0,23717.0,23482.0,23631.0,23631.0,343983200.0
2019-12-18,23646.0,23738.0,23627.0,23629.0,23629.0,311229600.0
2019-12-19,23647.0,23710.0,23583.0,23709.0,23709.0,374666200.0
2019-12-20,23842.0,24004.0,23837.0,24004.0,24004.0,793556100.0
2019-12-23,23919.0,23941.0,23845.0,23898.0,23898.0,229767000.0
2019-12-27,23868.0,23899.0,23732.0,23758.0,23758.0,274188700.0
2019-12-30,23712.0,23736.0,23506.0,23506.0,23506.0,212207400.0
2020-01-02,23607.0,23862.0,23572.0,23836.0,23836.0,264537200.0
2020-01-03,23710.0,23760.0,23517.0,23702.0,23702.0,325924900.0
2020-01-06,23566.0,23608.0,23265.0,23581.0,23581.0,349155800.0
2020-01-07,23688.0,23794.0,23636.0,23723.0,23723.0,306340300.0
2020-01-08,23551.0,23893.0,23481.0,23832.0,23832.0,472506700.0
2020-01-09,23980.0,24078.0,23964.0,24017.0,24017.0,430637300.0
2020-01-10,24061.0,24147.0,23966.0,24021.0,24021.0,326014300.0
2020-01-13,24061.0,24061.0,23829.0,23897.0,23897.0,340838600.0
2020-01-14,23932.0,23948.0,23706.0,23928.0,23928.0,350706400.0
2020-01-15,23903.0,23932.0,23719.0,23764.0,23764.0,341178900.0
2020-01-16,23862.0,23961.0,23760.0,23940.0,23940.0,361875400.0
2020-01-17,24043.0,24169.0,24011.0,24141.0,24141.0,319934800.0
2020-01-20,24033.0,24085.0,23973.0,24002.0,24002.0,218203400.0
2020-01-21,23858.0,23860.0,23645.0,23845.0,23845.0,332896600.0
2020-01-22,23888.0,23907.0,23680.0,23706.0,23706.0,424389000.0
2020-01-23,23716.0,23901.0,23611.0,23707.0,23707.0,379431100.0
2020-01-24,23848.0,24083.0,23848.0,23969.0,23969.0,368587000.0
2020-01-27,23713.0,23978.0,23384.0,23416.0,23416.0,506925600.0
2020-01-28,23545.0,24028.0,23429.0,24028.0,24028.0,428294600.0
2020-01-29,24053.0,24198.0,23969.0,24165.0,24165.0,356515300.0
2020-01-30,23892.0,23983.0,23688.0,23781.0,23781.0,454729400.0
2020-01-31,23863.0,23873.0,23208.0,23237.0,23237.0,557656600.0
2020-02-03,23297.0,23466.0,23219.0,23460.0,23460.0,363184200.0
2020-02-04,23573.0,23901.0,23542.0,23845.0,23845.0,479889400.0
2020-02-05,23816.0,24270.0,23746.0,24237.0,24237.0,564241000.0
2020-02-06,24348.0,24514.0,24338.0,24490.0,24490.0,531888100.0
2020-02-07,24465.0,24523.0,24372.0,24478.0,24478.0,411437000.0
2020-02-10,24437.0,24585.0,24389.0,24508.0,24508.0,297204400.0
2020-02-11,24617.0,24763.0,24534.0,24689.0,24689.0,405685400.0
2020-02-12,24738.0,24902.0,24735.0,24861.0,24861.0,462480100.0
2020-02-13,24769.0,24892.0,24588.0,24892.0,24892.0,526068000.0
2020-02-14,24942.0,24983.0,24832.0,24867.0,24867.0,341383900.0
2020-02-17,24962.0,25121.0,24903.0,25121.0,25121.0,0.0
2020-02-18,24986.0,25389.0,24970.0,25224.0,25224.0,737036300.0
2020-02-19,25353.0,25483.0,25272.0,25478.0,25478.0,464703000.0
2020-02-20,25415.0,25420.0,25080.0,25080.0,25080.0,445153900.0
2020-02-21,24979.0,25130.0,24670.0,24773.0,24773.0,638705500.0
2020-02-24,23919.0,24005.0,23255.0,23427.0,23427.0,977128300.0
2020-02-25,23586.0,23630.0,23046.0,23090.0,23090.0,664950800.0
2020-02-26,22961.0,23600.0,22638.0,23423.0,23423.0,737757000.0
2020-02-27,22969.0,23078.0,22480.0,22799.0,22799.0,781145900.0
2020-02-28,22059.0,22335.0,21698.0,21984.0,21984.0,1052025600.0
2020-03-02,22333.0,22361.0,21119.0,21655.0,21655.0,924414500.0
2020-03-03,22116.0,22340.0,21651.0,21748.0,21748.0,799970700.0
2020-03-04,21740.0,22204.0,21500.0,21946.0,21946.0,724365300.0
2020-03-05,22012.0,22035.0,21362.0,21555.0,21555.0,772854700.0
2020-03-06,20987.0,21151.0,20624.0,20800.0,20800.0,864917500.0
2020-03-09,20781.0,20781.0,18346.0,18476.0,18476.0,1272046600.0
2020-03-10,18654.0,19175.0,17772.0,17870.0,17870.0,1096966400.0
2020-03-11,18172.0,18410.0,17675.0,17929.0,17929.0,916163300.0
2020-03-12,17654.0,17660.0,14894.0,14894.0,14894.0,1535614400.0
2020-03-13,15108.0,17545.0,15107.0,15954.0,15954.0,1267823900.0
2020-03-16,15697.0,15699.0,14153.0,14980.0,14980.0,1218842000.0
2020-03-17,15420.0,15810.0,14696.0,15315.0,15315.0,1041111800.0
2020-03-18,14986.0,15438.0,14792.0,15120.0,15120.0,796190300.0
2020-03-19,15417.0,15844.0,15038.0,15467.0,15467.0,1016984600.0
2020-03-20,15773.0,16180.0,15617.0,15732.0,15732.0,1222210600.0
2020-03-23,15318.0,15789.0,15092.0,15560.0,15560.0,768024600.0
2020-03-24,15978.0,16949.0,15970.0,16949.0,16949.0,847366000.0
2020-03-25,17247.0,17830.0,16582.0,17244.0,17244.0,906278800.0
2020-03-26,16877.0,17369.0,16835.0,17369.0,17369.0,712229600.0
2020-03-27,17039.0,17283.0,16667.0,16823.0,16823.0,590902100.0
2020-03-30,16856.0,16925.0,16313.0,16872.0,16872.0,551307000.0
2020-03-31,17097.0,17292.0,16695.0,17051.0,17051.0,698055400.0
2020-04-01,16600.0,16845.0,16500.0,16545.0,16545.0,515027400.0
2020-04-02,16660.0,16878.0,16414.0,16834.0,16834.0,580523400.0
2020-04-03,16742.0,16791.0,16384.0,16384.0,16384.0,547565400.0
2020-04-06,16769.0,17054.0,16765.0,17039.0,17039.0,528126600.0
2020-04-07,17588.0,17887.0,17178.0,17412.0,17412.0,679854300.0
2020-04-08,17212.0,17406.0,17196.0,17381.0,17381.0,476312900.0
2020-04-09,17686.0,17756.0,17360.0,17622.0,17622.0,553979400.0
2020-04-14,17822.0,17831.0,17507.0,17558.0,17558.0,443873000.0
2020-04-15,17455.0,17543.0,16719.0,16719.0,16719.0,536650700.0
2020-04-16,17003.0,17161.0,16730.0,16768.0,16768.0,453153600.0
2020-04-17,17153.0,17308.0,16964.0,17055.0,17055.0,469218300.0
2020-04-20,17144.0,17155.0,16786.0,17064.0,17064.0,339570700.0
2020-04-21,16812.0,16935.0,16451.0,16451.0,16451.0,401986500.0
2020-04-22,16615.0,16770.0,16555.0,16765.0,16765.0,347495900.0
2020-04-23,16925.0,17145.0,16778.0,17011.0,17011.0,392978300.0
2020-04-24,16640.0,17155.0,16640.0,16859.0,16859.0,349284500.0
2020-04-27,17313.0,17380.0,17164.0,17380.0,17380.0,307768100.0
2020-04-28,17428.0,17941.0,17413.0,17677.0,17677.0,496793100.0
2020-04-29,17616.0,18076.0,17609.0,18067.0,18067.0,477978500.0
2020-04-30,18209.0,18303.0,17655.0,17690.0,17690.0,597318500.0
2020-05-04,17157.0,17345.0,17036.0,17036.0,17036.0,430626400.0
2020-05-05,17289.0,17390.0,17082.0,17387.0,17387.0,413815000.0
2020-05-06,17368.0,17500.0,17146.0,17159.0,17159.0,330052900.0
2020-05-07,17256.0,17363.0,17094.0,17245.0,17245.0,360975400.0
2020-05-08,17416.0,17462.0,17254.0,17439.0,17439.0,242317800.0
2020-05-11,17602.0,17678.0,17307.0,17381.0,17381.0,279808500.0
2020-05-12,17394.0,17602.0,17394.0,17559.0,17559.0,323340100.0
2020-05-13,17354.0,17427.0,17183.0,17183.0,17183.0,370538600.0
2020-05-14,17066.0,17177.0,16551.0,16868.0,16868.0,435987200.0
2020-05-15,17055.0,17124.0,16792.0,16852.0,16852.0,350474400.0
2020-05-18,16998.0,17446.0,16953.0,17401.0,17401.0,409926900.0
2020-05-19,17579.0,17613.0,16929.0,17035.0,17035.0,837116200.0
2020-05-20,16990.0,17248.0,16674.0,17213.0,17213.0,802296700.0
2020-05-21,16987.0,17284.0,16950.0,17087.0,17087.0,468260800.0
2020-05-22,16905.0,17386.0,16820.0,17316.0,17316.0,488722400.0
2020-05-25,17451.0,17596.0,17304.0,17596.0,17596.0,275240000.0
2020-05-26,17796.0,17894.0,17697.0,17860.0,17860.0,565674900.0
2020-05-27,17861.0,18228.0,17737.0,17910.0,17910.0,796359100.0
2020-05-28,18081.0,18414.0,18046.0,18351.0,18351.0,616898400.0
2020-05-29,18193.0,18391.0,18149.0,18198.0,18198.0,731191700.0
2020-06-01,18437.0,18531.0,18237.0,18524.0,18524.0,459197200.0
2020-06-02,18676.0,19053.0,18569.0,18971.0,18971.0,612512800.0
2020-06-03,19204.0,19642.0,19171.0,19642.0,19642.0,828030700.0
2020-06-04,19520.0,19849.0,19391.0,19634.0,19634.0,814390200.0
2020-06-05,19904.0,20198.0,19869.0,20188.0,20188.0,925086600.0
2020-06-08,20133.0,20399.0,20050.0,20231.0,20231.0,773230400.0
2020-06-09,20243.0,20274.0,19678.0,19930.0,19930.0,779956200.0
2020-06-10,20096.0,20181.0,19694.0,19758.0,19758.0,703770700.0
2020-06-11,19222.0,19353.0,18807.0,18807.0,18807.0,789867400.0
2020-06-12,18573.0,19169.0,18553.0,18888.0,18888.0,610202600.0
2020-06-15,18303.0,19065.0,18303.0,18969.0,18969.0,483442500.0
2020-06-16,19383.0,19874.0,19297.0,19626.0,19626.0,786184600.0
2020-06-17,19670.0,19876.0,19487.0,19586.0,19586.0,575170300.0
2020-06-18,19562.0,19815.0,19332.0,19486.0,19486.0,495706400.0
2020-06-19,19601.0,19741.0,19572.0,19619.0,19619.0,934839800.0
2020-06-22,19402.0,19685.0,19311.0,19479.0,19479.0,421857500.0
2020-06-23,19626.0,19885.0,19551.0,19842.0,19842.0,523455200.0
2020-06-24,19778.0,19907.0,19163.0,19163.0,19163.0,511785200.0
2020-06-25,19101.0,19319.0,18878.0,19235.0,19235.0,491616700.0
2020-06-26,19442.0,19549.0,19124.0,19124.0,19124.0,366134900.0
2020-06-29,19159.0,19541.0,19113.0,19447.0,19447.0,358186700.0
2020-06-30,19517.0,19540.0,19223.0,19376.0,19376.0,414866900.0
2020-07-01,19452.0,19455.0,19013.0,19331.0,19331.0,361833800.0
2020-07-02,19531.0,19975.0,19482.0,19887.0,19887.0,495115800.0
2020-07-03,19941.0,19969.0,19632.0,19727.0,19727.0,289547200.0
2020-07-06,20121.0,20223.0,19928.0,20032.0,20032.0,443634500.0
2020-07-07,19938.0,20066.0,19845.0,20013.0,20013.0,352024500.0
2020-07-08,19914.0,20101.0,19848.0,19900.0,19900.0,327081800.0
2020-07-09,19993.0,20008.0,19502.0,19506.0,19506.0,324855600.0
2020-07-10,19395.0,19770.0,19395.0,19768.0,19768.0,299117400.0
2020-07-13,20063.0,20067.0,19735.0,20003.0,20003.0,449146200.0
2020-07-14,19799.0,19900.0,19677.0,19880.0,19880.0,425475000.0
2020-07-15,20046.0,20361.0,19982.0,20281.0,20281.0,507289700.0
2020-07-16,20207.0,20389.0,20179.0,20356.0,20356.0,483034300.0
2020-07-17,20414.0,20427.0,20264.0,20419.0,20419.0,399015800.0
2020-07-20,20327.0,20679.0,20217.0,20621.0,20621.0,448609300.0
2020-07-21,20899.0,21133.0,20703.0,20723.0,20723.0,642358800.0
2020-07-22,20689.0,20797.0,20509.0,20599.0,20599.0,400283900.0
2020-07-23,20664.0,20689.0,20363.0,20454.0,20454.0,372189300.0
2020-07-24,20155.0,20241.0,19960.0,20075.0,20075.0,378518300.0
2020-07-27,20034.0,20163.0,19914.0,20020.0,20020.0,358176700.0
2020-07-28,20022.0,20120.0,19698.0,19903.0,19903.0,335491900.0
2020-07-29,19895.0,19973.0,19719.0,19881.0,19881.0,359277100.0
2020-07-30,19926.0,19976.0,19116.0,19228.0,19228.0,545919800.0
2020-07-31,19342.0,19532.0,19086.0,19092.0,19092.0,454759400.0
2020-08-03,19137.0,19402.0,18949.0,19380.0,19380.0,411205200.0
2020-08-04,19532.0,19658.0,19377.0,19614.0,19614.0,566864900.0
2020-08-05,19766.0,19896.0,19642.0,19740.0,19740.0,544154400.0
2020-08-06,19702.0,19834.0,19353.0,19475.0,19475.0,642423100.0
2020-08-07,19429.0,19564.0,19251.0,19516.0,19516.0,349794600.0
2020-08-10,19570.0,19668.0,19454.0,19652.0,19652.0,251844900.0
2020-08-11,19850.0,20294.0,19850.0,20209.0,20209.0,486632200.0
2020-08-12,20172.0,20463.0,20151.0,20437.0,20437.0,372877300.0
2020-08-13,20383.0,20472.0,20257.0,20257.0,20257.0,314363800.0
2020-08-14,20159.0,20185.0,19821.0,20028.0,20028.0,296289800.0
2020-08-17,20101.0,20123.0,19853.0,19950.0,19950.0,246143300.0
2020-08-18,19845.0,20159.0,19723.0,19846.0,19846.0,255470500.0
2020-08-19,19833.0,20055.0,19734.0,20055.0,20055.0,221316800.0
2020-08-20,19827.0,19921.0,19719.0,19767.0,19767.0,264922400.0
2020-08-21,19846.0,19868.0,19480.0,19695.0,19695.0,300533200.0
2020-08-24,19908.0,20130.0,19887.0,20113.0,20113.0,304828800.0
2020-08-25,20256.0,20368.0,20030.0,20030.0,20030.0,327848800.0
2020-08-26,19971.0,20137.0,19928.0,20137.0,20137.0,336048100.0
2020-08-27,20131.0,20133.0,19847.0,19847.0,19847.0,479171100.0
2020-08-28,19953.0,19992.0,19687.0,19841.0,19841.0,475736200.0
2020-08-31,19972.0,20081.0,19616.0,19634.0,19634.0,411640300.0
2020-09-01,19776.0,19871.0,19435.0,19595.0,19595.0,429280800.0
2020-09-02,19713.0,20036.0,19672.0,19858.0,19858.0,375861100.0
2020-09-03,20009.0,20141.0,19462.0,19551.0,19551.0,460398600.0
2020-09-04,19466.0,19781.0,19255.0,19391.0,19391.0,470672600.0
2020-09-07,19530.0,19757.0,19480.0,19738.0,19738.0,309461500.0
2020-09-08,19808.0,19817.0,19202.0,19380.0,19380.0,431597700.0
2020-09-09,19365.0,19792.0,19364.0,19771.0,19771.0,378273400.0
2020-09-10,19786.0,19971.0,19692.0,19820.0,19820.0,462606700.0
2020-09-11,19790.0,19876.0,19698.0,19821.0,19821.0,357726000.0
2020-09-14,19943.0,19968.0,19725.0,19794.0,19794.0,270291800.0
2020-09-15,19831.0,20043.0,19718.0,19957.0,19957.0,337754900.0
2020-09-16,19982.0,20033.0,19803.0,19964.0,19964.0,338233900.0
2020-09-17,19646.0,19811.0,19630.0,19740.0,19740.0,444680400.0
2020-09-18,19685.0,19790.0,19510.0,19525.0,19525.0,714073700.0
2020-09-21,19408.0,19440.0,18778.0,18793.0,18793.0,575956100.0
2020-09-22,18945.0,19081.0,18803.0,18896.0,18896.0,384961300.0
2020-09-23,19080.0,19232.0,18930.0,18930.0,18930.0,359846900.0
2020-09-24,18653.0,19102.0,18621.0,18907.0,18907.0,413000800.0
2020-09-25,18936.0,18938.0,18546.0,18698.0,18698.0,404244200.0
2020-09-28,18953.0,19173.0,18903.0,19160.0,19160.0,385654500.0
2020-09-29,19132.0,19222.0,18996.0,19061.0,19061.0,290185600.0
2020-09-30,18886.0,19146.0,18873.0,19015.0,19015.0,343267400.0
2020-10-01,19177.0,19271.0,18970.0,19062.0,19062.0,396385700.0
2020-10-02,18834.0,19072.0,18815.0,19064.0,19064.0,371254100.0
2020-10-05,19208.0,19270.0,19091.0,19266.0,19266.0,380939400.0
2020-10-06,19333.0,19520.0,19195.0,19430.0,19430.0,440230000.0
2020-10-07,19410.0,19473.0,19356.0,19435.0,19435.0,355102000.0
2020-10-08,19536.0,19631.0,19462.0,19582.0,19582.0,366363800.0
2020-10-09,19592.0,19683.0,19476.0,19595.0,19595.0,324307300.0
2020-10-12,19643.0,19765.0,19559.0,19719.0,19719.0,302531800.0
2020-10-13,19722.0,19730.0,19489.0,19559.0,19559.0,351485400.0
2020-10-14,19576.0,19738.0,19516.0,19608.0,19608.0,306627600.0
2020-10-15,19380.0,19385.0,18957.0,19065.0,19065.0,477390500.0
2020-10-16,19203.0,19454.0,19037.0,19390.0,19390.0,447815200.0
2020-10-19,19476.0,19585.0,19310.0,19374.0,19374.0,290278700.0
2020-10-20,19323.0,19568.0,19245.0,19482.0,19482.0,375281300.0
2020-10-21,19526.0,19528.0,19083.0,19086.0,19086.0,392794000.0
2020-10-22,19086.0,19171.0,18856.0,19077.0,19077.0,375503700.0
2020-10-23,19082.0,19365.0,19074.0,19285.0,19285.0,425542700.0
2020-10-26,18942.0,19203.0,18919.0,18945.0,18945.0,415680400.0
2020-10-27,19011.0,19011.0,18647.0,18655.0,18655.0,429077300.0
2020-10-28,18297.0,18347.0,17843.0,17898.0,17898.0,679900600.0
2020-10-29,17965.0,18082.0,17636.0,17872.0,17872.0,552011900.0
2020-10-30,17683.0,17970.0,17670.0,17943.0,17943.0,470261200.0
2020-11-02,17968.0,18400.0,17806.0,18400.0,18400.0,472405000.0
2020-11-03,18536.0,18986.0,18508.0,18986.0,18986.0,537178700.0
2020-11-04,18673.0,19395.0,18577.0,19358.0,19358.0,571091200.0
2020-11-05,19490.0,19788.0,19480.0,19731.0,19731.0,497400000.0
2020-11-06,19686.0,19822.0,19482.0,19682.0,19682.0,471238000.0
2020-11-09,20011.0,20932.0,19961.0,20750.0,20750.0,1136870400.0
2020-11-10,20788.0,20929.0,20584.0,20852.0,20852.0,936791400.0
2020-11-11,20958.0,21050.0,20816.0,20993.0,20993.0,587145900.0
2020-11-12,20826.0,20960.0,20710.0,20818.0,20818.0,543216500.0
2020-11-13,20707.0,20965.0,20701.0,20904.0,20904.0,426848500.0
2020-11-16,21145.0,21435.0,21008.0,21317.0,21317.0,682567300.0
2020-11-17,21307.0,21495.0,21248.0,21435.0,21435.0,491659300.0
2020-11-18,21421.0,21659.0,21366.0,21623.0,21623.0,587685300.0
2020-11-19,21486.0,21680.0,21426.0,21536.0,21536.0,513106200.0
2020-11-20,21522.0,21771.0,21496.0,21707.0,21707.0,493720900.0
2020-11-23,21871.0,21996.0,21702.0,21702.0,21702.0,548503600.0
2020-11-24,21985.0,22150.0,21953.0,22145.0,22145.0,721630200.0
2020-11-25,22281.0,22344.0,22054.0,22304.0,22304.0,641951300.0
2020-11-26,22385.0,22387.0,22201.0,22201.0,22201.0,541595900.0
2020-11-27,22173.0,22386.0,22167.0,22352.0,22352.0,583607500.0
2020-11-30,22210.0,22353.0,22061.0,22061.0,22061.0,734672200.0
2020-12-01,22193.0,22227.0,22010.0,22100.0,22100.0,578774400.0
2020-12-02,22020.0,22043.0,21784.0,21972.0,21972.0,543377900.0
2020-12-03,22019.0,22034.0,21902.0,22007.0,22007.0,425138400.0
2020-12-04,22030.0,22197.0,22027.0,22179.0,22179.0,507922100.0
2020-12-07,22130.0,22156.0,21964.0,22107.0,22107.0,351279100.0
2020-12-08,22064.0,22106.0,21904.0,22053.0,22053.0,275971200.0
2020-12-09,22215.0,22274.0,21957.0,21970.0,21970.0,471702800.0
2020-12-10,22032.0,22089.0,21746.0,21916.0,21916.0,450860100.0
2020-12-11,21857.0,21904.0,21572.0,21702.0,21702.0,428052900.0
2020-12-14,21863.0,21997.0,21760.0,21760.0,21760.0,389977700.0
2020-12-15,21718.0,21964.0,21676.0,21935.0,21935.0,347534000.0
2020-12-16,21995.0,22176.0,21888.0,21987.0,21987.0,447187000.0
2020-12-17,22079.0,22142.0,22009.0,22012.0,22012.0,456361000.0
2020-12-18,21919.0,22145.0,21911.0,21976.0,21976.0,653820900.0
2020-12-21,21470.0,21634.0,21087.0,21411.0,21411.0,596283800.0
2020-12-22,21491.0,21851.0,21489.0,21844.0,21844.0,307522300.0
2020-12-23,21970.0,22156.0,21921.0,22130.0,22130.0,306654600.0
2020-12-28,22308.0,22354.0,22252.0,22289.0,22289.0,260519700.0
2020-12-29,22389.0,22395.0,22203.0,22259.0,22259.0,229758800.0
2020-12-30,22303.0,22345.0,22233.0,22233.0,22233.0,224887400.0
2021-01-04,22398.0,22493.0,22228.0,22316.0,22316.0,432600300.0
2021-01-05,22223.0,22355.0,22106.0,22201.0,22201.0,381948600.0
2021-01-06,22364.0,22793.0,22218.0,22734.0,22734.0,672068000.0
2021-01-07,22824.0,22852.0,22622.0,22746.0,22746.0,476763700.0
2021-01-08,22946.0,23004.0,22701.0,22794.0,22794.0,447809200.0
2021-01-11,22704.0,22804.0,22502.0,22722.0,22722.0,358993400.0
2021-01-12,22787.0,22821.0,22558.0,22646.0,22646.0,459404700.0
2021-01-13,22611.0,22812.0,22574.0,22744.0,22744.0,388253200.0
2021-01-14,22743.0,22880.0,22638.0,22638.0,22638.0,405187100.0
2021-01-15,22633.0,22748.0,22243.0,22381.0,22381.0,434287800.0
2021-01-18,22258.0,22516.0,22239.0,22499.0,22499.0,335089300.0
2021-01-19,22636.0,22650.0,22428.0,22442.0,22442.0,386351200.0
2021-01-20,22570.0,22665.0,22503.0,22651.0,22651.0,380508500.0
2021-01-21,22790.0,22836.0,22425.0,22429.0,22429.0,407667700.0
2021-01-22,22253.0,22259.0,21926.0,22088.0,22088.0,455886600.0
2021-01-25,22237.0,22250.0,21667.0,21736.0,21736.0,444515300.0
2021-01-26,21710.0,22044.0,21655.0,21987.0,21987.0,370538500.0
2021-01-27,21923.0,21985.0,21421.0,21663.0,21663.0,460640200.0
2021-01-28,21470.0,21941.0,21312.0,21917.0,21917.0,421309200.0
2021-01-29,21570.0,21786.0,21521.0,21573.0,21573.0,430738500.0
2021-02-01,21737.0,21883.0,21619.0,21826.0,21826.0,320779300.0
2021-02-02,21957.0,22152.0,21956.0,22067.0,22067.0,385385100.0
2021-02-03,22444.0,22738.0,22378.0,22528.0,22528.0,788305200.0
2021-02-04,22562.0,22982.0,22481.0,22901.0,22901.0,585655700.0
2021-02-05,22988.0,23276.0,22937.0,23083.0,23083.0,763260500.0
2021-02-08,23281.0,23513.0,23231.0,23426.0,23426.0,677058800.0
2021-02-09,23482.0,23482.0,23259.0,23300.0,23300.0,435700200.0
2021-02-10,23413.0,23414.0,23134.0,23265.0,23265.0,449557400.0
2021-02-11,23288.0,23369.0,23255.0,23307.0,23307.0,391629500.0
2021-02-12,23291.0,23411.0,23059.0,23411.0,23411.0,355015700.0
2021-02-15,23629.0,23652.0,23562.0,23604.0,23604.0,438025700.0
2021-02-16,23631.0,23641.0,23423.0,23441.0,23441.0,372745200.0
2021-02-17,23384.0,23453.0,23122.0,23179.0,23179.0,391642600.0
2021-02-18,23196.0,23278.0,22882.0,22922.0,22922.0,385295100.0
2021-02-19,22935.0,23187.0,22852.0,23136.0,23136.0,451362100.0
2021-02-22,23000.0,23045.0,22842.0,23009.0,23009.0,377445000.0
2021-02-23,23102.0,23174.0,22635.0,22939.0,22939.0,508987300.0
2021-02-24,22904.0,23133.0,22870.0,23098.0,23098.0,879138700.0
2021-02-25,23265.0,23292.0,23055.0,23064.0,23064.0,695998400.0
2021-02-26,22724.0,23027.0,22678.0,22849.0,22849.0,561491600.0
2021-03-01,23123.0,23272.0,23078.0,23265.0,23265.0,475925000.0
2021-03-02,23177.0,23326.0,23084.0,23084.0,23084.0,444498500.0
2021-03-03,23218.0,23353.0,22824.0,23047.0,23047.0,610081900.0
2021-03-04,22955.0,23188.0,22796.0,23093.0,23093.0,505106200.0
2021-03-05,22955.0,23290.0,22874.0,22966.0,22966.0,599011100.0
2021-03-08,23174.0,23730.0,23068.0,23682.0,23682.0,660479000.0
2021-03-09,23691.0,23870.0,23632.0,23817.0,23817.0,609586300.0
2021-03-10,23794.0,23958.0,23736.0,23926.0,23926.0,599918900.0
2021-03-11,24024.0,24222.0,24024.0,24121.0,24121.0,749086700.0
2021-03-12,24098.0,24180.0,24020.0,24113.0,24113.0,583290800.0
2021-03-15,24217.0,24425.0,24054.0,24139.0,24139.0,519599900.0
2021-03-16,24256.0,24319.0,24183.0,24261.0,24261.0,5477600.0
2021-03-17,24277.0,24350.0,24198.0,24281.0,24281.0,5001700.0
2021-03-18,24434.0,24459.0,24259.0,24360.0,24360.0,624093300.0
2021-03-19,24014.0,24370.0,23967.0,24199.0,24199.0,1238440000.0
2021-03-22,24075.0,24286.0,24029.0,24263.0,24263.0,448927300.0
2021-03-23,24213.0,24218.0,24024.0,24114.0,24114.0,464538900.0
2021-03-24,23970.0,24217.0,23934.0,24209.0,24209.0,395181000.0
2021-03-25,24149.0,24265.0,23993.0,24219.0,24219.0,453740100.0
2021-03-26,24390.0,24427.0,24266.0,24393.0,24393.0,457711200.0
2021-03-29,24426.0,24486.0,24328.0,24421.0,24421.0,377326900.0
2021-03-30,24537.0,24708.0,24469.0,24636.0,24636.0,462403700.0
2021-03-31,24677.0,24778.0,24637.0,24649.0,24649.0,434928900.0
2021-04-01,24731.0,24755.0,24656.0,24710.0,24710.0,367029700.0
2021-04-06,24926.0,24939.0,24746.0,24761.0,24761.0,434526200.0
2021-04-07,24762.0,24835.0,24602.0,24741.0,24741.0,333287300.0
2021-04-08,24855.0,24876.0,24532.0,24577.0,24577.0,474760600.0
2021-04-09,24614.0,24678.0,24429.0,24429.0,24429.0,374601700.0
2021-04-12,24404.0,24578.0,24341.0,24457.0,24457.0,269571200.0
2021-04-13,24486.0,24639.0,24462.0,24600.0,24600.0,353958500.0
2021-04-14,24631.0,24631.0,24435.0,24575.0,24575.0,326141900.0
2021-04-15,24601.0,24641.0,24470.0,24529.0,24529.0,317438800.0
2021-04-16,24555.0,24767.0,24526.0,24744.0,24744.0,395037300.0
2021-04-19,24733.0,24805.0,24657.0,24691.0,24691.0,324837700.0
2021-04-20,24698.0,24732.0,24048.0,24089.0,24089.0,456679600.0
2021-04-21,24194.0,24268.0,23917.0,24161.0,24161.0,360222400.0
2021-04-22,24252.0,24414.0,24176.0,24398.0,24398.0,299136100.0
2021-04-23,24278.0,24396.0,24227.0,24386.0,24386.0,252467100.0
2021-04-26,24426.0,24547.0,24322.0,24514.0,24514.0,318567000.0
2021-04-27,24515.0,24537.0,24346.0,24473.0,24473.0,296045600.0
2021-04-28,24526.0,24555.0,24359.0,24460.0,24460.0,357370600.0
2021-04-29,24548.0,24552.0,24151.0,24278.0,24278.0,439223600.0
2021-04-30,24326.0,24396.0,24086.0,24141.0,24141.0,464200000.0
2021-05-03,24196.0,24466.0,24147.0,24420.0,24420.0,311724400.0
2021-05-04,24464.0,24516.0,23944.0,23978.0,23978.0,445303600.0
2021-05-05,24159.0,24473.0,24106.0,24464.0,24464.0,382990200.0
2021-05-06,24552.0,24677.0,24371.0,24495.0,24495.0,732682000.0
2021-05-07,24630.0,24641.0,24420.0,24612.0,24612.0,435968900.0
2021-05-10,24724.0,24813.0,24651.0,24803.0,24803.0,502226100.0
2021-05-11,24614.0,24619.0,24262.0,24396.0,24396.0,520032700.0
2021-05-12,24440.0,24535.0,24254.0,24453.0,24453.0,482207800.0
2021-05-13,24235.0,24564.0,23898.0,24486.0,24486.0,434877100.0
2021-05-14,24624.0,24766.0,24430.0,24766.0,24766.0,405360300.0
2021-05-17,24846.0,24929.0,24713.0,24863.0,24863.0,409875100.0
2021-05-18,25054.0,25114.0,24818.0,24880.0,24880.0,439499000.0
2021-05-19,24623.0,24772.0,24260.0,24487.0,24487.0,458337300.0
2021-05-20,24608.0,24702.0,24397.0,24702.0,24702.0,387799300.0
2021-05-21,24770.0,24975.0,24717.0,24975.0,24975.0,462066600.0
2021-05-24,24851.0,24969.0,24792.0,24891.0,24891.0,313590800.0
2021-05-25,24950.0,25009.0,24881.0,24893.0,24893.0,384107900.0
2021-05-26,24958.0,24996.0,24682.0,24778.0,24778.0,408740600.0
2021-05-27,24713.0,25103.0,24708.0,25056.0,25056.0,636884800.0
2021-05-28,25096.0,25186.0,25043.0,25169.0,25169.0,339212800.0
2021-05-31,25171.0,25279.0,25149.0,25171.0,25171.0,228536500.0
2021-06-01,25273.0,25553.0,25268.0,25322.0,25322.0,368281300.0
2021-06-02,25281.0,25408.0,25256.0,25380.0,25380.0,288084600.0
2021-06-03,25359.0,25479.0,25201.0,25452.0,25452.0,337004100.0
2021-06-04,25449.0,25570.0,25442.0,25570.0,25570.0,344696400.0
2021-06-07,25556.0,25829.0,25515.0,25825.0,25825.0,402527800.0
2021-06-08,25843.0,25927.0,25705.0,25809.0,25809.0,381595000.0
2021-06-09,25845.0,25880.0,25692.0,25742.0,25742.0,263931500.0
2021-06-10,25756.0,25769.0,25517.0,25638.0,25638.0,321813200.0
2021-06-11,25656.0,25740.0,25608.0,25717.0,25717.0,245868600.0
2021-06-14,25789.0,25863.0,25688.0,25758.0,25758.0,274146300.0
2021-06-15,25828.0,25840.0,25645.0,25737.0,25737.0,306929500.0
2021-06-16,25807.0,25827.0,25699.0,25768.0,25768.0,314186900.0
2021-06-17,25687.0,25794.0,25671.0,25714.0,25714.0,371570700.0
2021-06-18,25670.0,25747.0,25217.0,25218.0,25218.0,731037000.0
2021-06-21,24903.0,25398.0,24903.0,25398.0,25398.0,317477200.0
2021-06-22,25428.0,25429.0,25208.0,25316.0,25316.0,259562500.0
2021-06-23,25354.0,25410.0,25077.0,25077.0,25077.0,263817800.0
2021-06-24,25150.0,25429.0,25120.0,25422.0,25422.0,327891600.0
2021-06-25,25457.0,25517.0,25422.0,25511.0,25511.0,243548300.0
2021-06-28,25504.0,25572.0,25227.0,25227.0,25227.0,279356800.0
2021-06-29,25247.0,25468.0,25247.0,25357.0,25357.0,308238500.0
2021-06-30,25351.0,25401.0,24954.0,25102.0,25102.0,379004600.0
2021-07-01,25257.0,25408.0,25040.0,25286.0,25286.0,288355000.0
2021-07-02,25342.0,25389.0,25231.0,25282.0,25282.0,242390400.0
2021-07-05,25271.0,25513.0,25163.0,25441.0,25441.0,188095500.0
2021-07-06,25446.0,25452.0,25163.0,25228.0,25228.0,365431800.0
2021-07-07,25314.0,25436.0,25166.0,25285.0,25285.0,365651400.0
2021-07-08,25135.0,25146.0,24464.0,24641.0,24641.0,565763000.0
2021-07-09,24754.0,25080.0,24751.0,25052.0,25052.0,363310000.0
2021-07-12,25119.0,25302.0,24969.0,25283.0,25283.0,250998000.0
2021-07-13,25322.0,25327.0,25082.0,25157.0,25157.0,299328200.0
2021-07-14,25110.0,25320.0,25098.0,25194.0,25194.0,0.0
2021-07-15,25085.0,25103.0,24833.0,24876.0,24876.0,273841400.0
2021-07-16,24918.0,24999.0,24686.0,24793.0,24793.0,334825400.0
2021-07-19,24513.0,24531.0,23835.0,23966.0,23966.0,521284300.0
2021-07-20,24108.0,24234.0,23818.0,24107.0,24107.0,348537800.0
2021-07-21,24248.0,24682.0,24231.0,24676.0,24676.0,356040000.0
2021-07-22,24798.0,24987.0,24735.0,24805.0,24805.0,296145100.0
2021-07-23,24936.0,25160.0,24912.0,25125.0,25125.0,290847900.0
2021-07-26,24994.0,25296.0,24972.0,25296.0,25296.0,335468700.0
2021-07-27,25225.0,25261.0,25004.0,25087.0,25087.0,306853600.0
2021-07-28,25100.0,25296.0,25060.0,25262.0,25262.0,334329600.0
2021-07-29,25363.0,25541.0,25313.0,25516.0,25516.0,291852900.0
2021-07-30,25428.0,25504.0,25348.0,25363.0,25363.0,395428300.0
2021-08-02,25536.0,25680.0,25352.0,25352.0,25352.0,304444700.0
2021-08-03,25415.0,25477.0,25276.0,25356.0,25356.0,287525400.0
2021-08-04,25478.0,25552.0,25350.0,25490.0,25490.0,286732600.0
2021-08-05,25496.0,25672.0,25492.0,25666.0,25666.0,274087400.0
2021-08-06,25679.0,26035.0,25652.0,26000.0,26000.0,424175900.0
2021-08-09,26012.0,26157.0,26010.0,26139.0,26139.0,270750800.0
2021-08-10,26155.0,26289.0,26142.0,26201.0,26201.0,232389200.0
2021-08-11,26269.0,26480.0,26219.0,26457.0,26457.0,375909200.0
2021-08-12,26483.0,26575.0,26439.0,26558.0,26558.0,315729200.0
2021-08-13,26570.0,26688.0,26539.0,26653.0,26653.0,227179600.0
2021-08-16,26488.0,26608.0,26392.0,26449.0,26449.0,241063300.0
2021-08-17,26331.0,26331.0,26161.0,26225.0,26225.0,295681600.0
2021-08-18,26225.0,26376.0,26158.0,26357.0,26357.0,256836500.0
2021-08-19,26038.0,26050.0,25716.0,25929.0,25929.0,353293300.0
2021-08-20,25906.0,25937.0,25707.0,25918.0,25918.0,274437900.0
2021-08-23,26121.0,26180.0,25936.0,26046.0,26046.0,235797900.0
2021-08-24,26151.0,26152.0,25896.0,26028.0,26028.0,223774200.0
2021-08-25,26031.0,26062.0,25966.0,26060.0,26060.0,233866600.0
2021-08-26,25963.0,26049.0,25835.0,25862.0,25862.0,249266600.0
2021-08-27,25858.0,26013.0,25814.0,26007.0,26007.0,197947300.0
2021-08-30,26062.0,26074.0,25944.0,26024.0,26024.0,148386600.0
2021-08-31,26051.0,26205.0,25895.0,26009.0,26009.0,353280200.0
2021-09-01,26186.0,26398.0,26095.0,26182.0,26182.0,368480600.0
2021-09-02,26172.0,26263.0,26151.0,26233.0,26233.0,275518300.0
2021-09-03,26221.0,26261.0,25971.0,26065.0,26065.0,299511900.0
2021-09-06,26129.0,26298.0,26121.0,26263.0,26263.0,215641300.0
2021-09-07,26245.0,26269.0,26038.0,26074.0,26074.0,243791300.0
2021-09-08,25949.0,26064.0,25717.0,25877.0,25877.0,341131500.0
2021-09-09,25716.0,26002.0,25643.0,25910.0,25910.0,291664000.0
2021-09-10,25962.0,25991.0,25643.0,25686.0,25686.0,374487100.0
2021-09-13,25794.0,26011.0,25793.0,25926.0,25926.0,333632100.0
2021-09-14,25944.0,26130.0,25916.0,26027.0,26027.0,332447700.0
2021-09-15,26051.0,26060.0,25688.0,25762.0,25762.0,399956600.0
2021-09-16,25917.0,26105.0,25914.0,25964.0,25964.0,359528800.0
2021-09-17,26119.0,26162.0,25710.0,25710.0,25710.0,696227800.0
2021-09-20,25355.0,25396.0,24941.0,25048.0,25048.0,471648300.0
2021-09-21,25210.0,25436.0,25169.0,25353.0,25353.0,342132800.0
2021-09-22,25529.0,25717.0,25432.0,25717.0,25717.0,357936200.0
2021-09-23,25895.0,26088.0,25854.0,26081.0,26081.0,411942700.0
2021-09-24,26022.0,26082.0,25921.0,25969.0,25969.0,355960400.0
2021-09-27,26159.0,26187.0,26010.0,26132.0,26132.0,474510700.0
2021-09-28,26156.0,26223.0,25573.0,25573.0,25573.0,490155200.0
2021-09-29,25727.0,25826.0,25577.0,25737.0,25737.0,500922400.0
2021-09-30,25901.0,25938.0,25558.0,25684.0,25684.0,519538600.0
2021-10-01,25306.0,25740.0,25276.0,25615.0,25615.0,451575900.0
2021-10-04,25541.0,25722.0,25411.0,25461.0,25461.0,360740600.0
2021-10-05,25531.0,25956.0,25520.0,25956.0,25956.0,534430700.0
2021-10-06,25782.0,25784.0,25330.0,25606.0,25606.0,536857600.0
2021-10-07,25934.0,26048.0,25761.0,25992.0,25992.0,474763900.0
2021-10-08,26023.0,26095.0,25937.0,26051.0,26051.0,383664800.0
2021-10-11,25997.0,26052.0,25805.0,25930.0,25930.0,369413400.0
2021-10-12,25636.0,25990.0,25597.0,25990.0,25990.0,327384700.0
2021-10-13,25928.0,26046.0,25858.0,25959.0,25959.0,329950500.0
2021-10-14,26123.0,26317.0,26079.0,26278.0,26278.0,413141500.0
2021-10-15,26438.0,26550.0,26349.0,26489.0,26489.0,603041500.0
2021-10-18,26332.0,26386.0,26156.0,26269.0,26269.0,412976400.0
2021-10-19,26300.0,26387.0,26256.0,26333.0,26333.0,378157600.0
2021-10-20,26274.0,26609.0,26256.0,26582.0,26582.0,392749400.0
2021-10-21,26450.0,26631.0,26386.0,26525.0,26525.0,299329800.0
2021-10-22,26582.0,26682.0,26551.0,26572.0,26572.0,257427900.0
2021-10-25,26596.0,26823.0,26573.0,26816.0,26816.0,381634700.0
2021-10-26,26877.0,27049.0,26835.0,26971.0,26971.0,340319900.0
2021-10-27,26878.0,26944.0,26759.0,26806.0,26806.0,375187500.0
2021-10-28,26821.0,26938.0,26762.0,26890.0,26890.0,748505700.0
2021-10-29,26753.0,26896.0,26629.0,26876.0,26876.0,563963300.0
2021-11-01,27020.0,27303.0,27005.0,27206.0,27206.0,416822700.0
2021-11-02,27173.0,27238.0,27097.0,27190.0,27190.0,413299600.0
2021-11-03,27168.0,27378.0,27141.0,27378.0,27378.0,373304600.0
2021-11-04,27518.0,27550.0,27405.0,27522.0,27522.0,620753300.0
2021-11-05,27526.0,27867.0,27521.0,27796.0,27796.0,755313700.0
2021-11-08,27809.0,27833.0,27711.0,27711.0,27711.0,492955900.0
2021-11-09,27662.0,27719.0,27441.0,27441.0,27441.0,364222500.0
2021-11-10,27527.0,27601.0,27418.0,27561.0,27561.0,397432600.0
2021-11-11,27535.0,27654.0,27481.0,27633.0,27633.0,312141500.0
2021-11-12,27639.0,27737.0,27579.0,27732.0,27732.0,480493600.0
2021-11-15,27701.0,27878.0,27680.0,27868.0,27868.0,442422400.0
2021-11-16,27932.0,27969.0,27801.0,27805.0,27805.0,510247200.0
2021-11-17,27840.0,27884.0,27780.0,27825.0,27825.0,415445900.0
2021-11-18,27816.0,27874.0,27595.0,27662.0,27662.0,370509600.0
2021-11-19,27755.0,27817.0,27164.0,27337.0,27337.0,795925200.0
2021-11-22,27273.0,27440.0,27199.0,27383.0,27383.0,2015241700.0
2021-11-23,27158.0,27252.0,26912.0,26939.0,26939.0,1184362600.0
2021-11-24,27013.0,27148.0,26797.0,27109.0,27109.0,1721921700.0
2021-11-25,27216.0,27302.0,27042.0,27099.0,27099.0,1051578800.0
2021-11-26,26303.0,26443.0,25853.0,25853.0,25853.0,903003400.0
2021-11-29,26227.0,26330.0,25967.0,26042.0,26042.0,584948900.0
2021-11-30,25659.0,26085.0,25518.0,25814.0,25814.0,795726200.0
2021-12-01,26039.0,26426.0,25987.0,26372.0,26372.0,501587200.0
2021-12-02,26100.0,26236.0,25883.0,26005.0,26005.0,519689600.0
2021-12-03,26233.0,26284.0,25826.0,25939.0,25939.0,456414500.0
2021-12-06,26153.0,26526.0,26036.0,26498.0,26498.0,443852100.0
2021-12-07,26725.0,27171.0,26715.0,27138.0,27138.0,419090400.0
2021-12-08,27041.0,27156.0,26752.0,26752.0,26752.0,363889000.0
2021-12-09,26787.0,26896.0,26690.0,26817.0,26817.0,436604800.0
2021-12-10,26665.0,26906.0,26660.0,26722.0,26722.0,341538000.0
2021-12-13,26795.0,26947.0,26513.0,26551.0,26551.0,408158500.0
2021-12-14,26654.0,26747.0,26521.0,26557.0,26557.0,394016500.0
2021-12-15,26661.0,26783.0,26613.0,26666.0,26666.0,396490600.0
2021-12-16,27041.0,27041.0,26707.0,26782.0,26782.0,503570300.0
2021-12-17,26589.0,26681.0,26352.0,26611.0,26611.0,574739700.0
2021-12-20,26005.0,26246.0,25783.0,26178.0,26178.0,381439600.0
2021-12-21,26431.0,26653.0,26299.0,26653.0,26653.0,259080800.0
2021-12-22,26667.0,26828.0,26541.0,26828.0,26828.0,282845400.0
2021-12-23,26886.0,27023.0,26814.0,27016.0,27016.0,218448800.0
2021-12-27,26942.0,27252.0,26925.0,27231.0,27231.0,196458800.0
2021-12-28,27275.0,27497.0,27274.0,27445.0,27445.0,238404900.0
2021-12-29,27461.0,27467.0,27260.0,27344.0,27344.0,209813300.0
2021-12-30,27354.0,27415.0,27308.0,27347.0,27347.0,198002200.0
2022-01-03,27409.0,27779.0,27409.0,27730.0,27730.0,403410700.0
2022-01-04,27897.0,28084.0,27753.0,27955.0,27955.0,427310400.0
2022-01-05,28002.0,28213.0,27951.0,28163.0,28163.0,459306200.0
2022-01-06,27738.0,27942.0,27601.0,27656.0,27656.0,413528200.0
2022-01-07,27776.0,27853.0,27449.0,27618.0,27618.0,389938700.0
2022-01-10,27779.0,27803.0,27273.0,27354.0,27354.0,352259500.0
2022-01-11,27551.0,27642.0,27446.0,27535.0,27535.0,281269000.0
2022-01-12,27693.0,27727.0,27508.0,27714.0,27714.0,453715000.0
2022-01-13,27676.0,27900.0,27662.0,27844.0,27844.0,351016000.0
2022-01-14,27598.0,27737.0,27422.0,27544.0,27544.0,406157900.0
2022-01-17,27678.0,27705.0,27574.0,27689.0,27689.0,356541300.0
2022-01-18,27579.0,27585.0,27305.0,27483.0,27483.0,481745500.0
2022-01-19,27327.0,27563.0,27221.0,27371.0,27371.0,490314700.0
2022-01-20,27429.0,27570.0,27316.0,27570.0,27570.0,465538800.0
2022-01-21,27172.0,27316.0,26807.0,27061.0,27061.0,434447800.0
2022-01-24,26880.0,26990.0,25802.0,25973.0,25973.0,493968100.0
2022-01-25,26186.0,26274.0,25785.0,26029.0,26029.0,401987900.0
2022-01-26,26225.0,26657.0,26199.0,26619.0,26619.0,410532700.0
2022-01-27,26294.0,27040.0,26258.0,26882.0,26882.0,460394300.0
2022-01-28,26842.0,26866.0,26293.0,26565.0,26565.0,402469900.0
2022-01-31,27055.0,27060.0,26648.0,26814.0,26814.0,528600800.0
2022-02-01,27024.0,27225.0,26999.0,27225.0,27225.0,485074500.0
2022-02-02,27342.0,27550.0,27318.0,27389.0,27389.0,464182300.0
2022-02-03,27372.0,27380.0,27062.0,27089.0,27089.0,442171200.0
2022-02-04,27261.0,27267.0,26514.0,26604.0,26604.0,501398800.0
2022-02-07,26720.0,26749.0,26144.0,26329.0,26329.0,494420900.0
2022-02-08,26335.0,26659.0,26202.0,26412.0,26412.0,522508300.0
2022-02-09,26642.0,27129.0,26641.0,27129.0,27129.0,577214900.0
2022-02-10,27216.0,27354.0,26966.0,27190.0,27190.0,591659000.0
2022-02-11,26850.0,27047.0,26741.0,26966.0,26966.0,491655600.0
2022-02-14,26334.0,26507.0,25894.0,26415.0,26415.0,620984700.0
2022-02-15,26339.0,26974.0,26303.0,26968.0,26968.0,488413100.0
2022-02-16,27066.0,27161.0,26779.0,26969.0,26969.0,418117400.0
2022-02-17,26944.0,27025.0,26562.0,26669.0,26669.0,398071200.0
2022-02-18,26762.0,26832.0,26420.0,26507.0,26507.0,337144000.0
2022-02-21,26678.0,26703.0,25848.0,26050.0,26050.0,357596100.0
2022-02-22,25330.0,26222.0,25329.0,26044.0,26044.0,491922500.0
2022-02-23,26173.0,26384.0,25917.0,25955.0,25955.0,416540200.0
2022-02-24,25486.0,25545.0,24507.0,24878.0,24878.0,871835400.0
2022-02-25,25137.0,25803.0,24797.0,25773.0,25773.0,669513500.0
2022-02-28,25208.0,25479.0,24953.0,25416.0,25416.0,760481500.0
2022-03-01,25400.0,25630.0,24364.0,24364.0,24364.0,824196900.0
2022-03-02,24270.0,24709.0,23967.0,24534.0,24534.0,749019200.0
2022-03-03,24597.0,24743.0,23908.0,23959.0,23959.0,1024376900.0
2022-03-04,23718.0,23746.0,22465.0,22465.0,22465.0,1219170300.0
2022-03-07,21913.0,22761.0,21060.0,22160.0,22160.0,1473195100.0
2022-03-08,21889.0,22988.0,21887.0,22336.0,22336.0,1028269400.0
2022-03-09,22856.0,23889.0,22763.0,23889.0,23889.0,984422600.0
2022-03-10,23926.0,23979.0,22830.0,22887.0,22887.0,932538900.0
2022-03-11,23036.0,23707.0,22778.0,23041.0,23041.0,860175100.0
2022-03-14,23325.0,23618.0,23241.0,23427.0,23427.0,730121400.0
2022-03-15,23226.0,23595.0,22929.0,23500.0,23500.0,553963600.0
2022-03-16,24036.0,24453.0,23975.0,24285.0,24285.0,753734200.0
2022-03-17,24380.0,24460.0,23846.0,24124.0,24124.0,649613300.0
2022-03-18,24205.0,24262.0,23827.0,24222.0,24222.0,790510200.0
2022-03-21,24165.0,24496.0,24163.0,24295.0,24295.0,429349900.0
2022-03-22,24402.0,24595.0,24368.0,24534.0,24534.0,355881700.0
2022-03-23,24641.0,24644.0,24225.0,24299.0,24299.0,487124700.0
2022-03-24,24357.0,24552.0,24276.0,24401.0,24401.0,817457300.0
2022-03-25,24439.0,24674.0,24337.0,24559.0,24559.0,637523100.0
2022-03-28,24594.0,25093.0,24580.0,24713.0,24713.0,562470800.0
2022-03-29,25026.0,25506.0,24916.0,25308.0,25308.0,684783800.0
2022-03-30,25221.0,25358.0,25065.0,25300.0,25300.0,760812800.0
2022-03-31,25336.0,25367.0,25021.0,25021.0,25021.0,698466800.0
2022-04-01,25055.0,25297.0,24950.0,25163.0,25163.0,640705800.0
2022-04-04,25202.0,25240.0,24906.0,25176.0,25176.0,540352000.0
2022-04-05,25165.0,25280.0,24853.0,24960.0,24960.0,445472100.0
2022-04-06,24916.0,25016.0,24191.0,24447.0,24447.0,525445400.0
2022-04-07,24526.0,24913.0,24276.0,24303.0,24303.0,464475800.0
2022-04-08,24667.0,24844.0,24616.0,24819.0,24819.0,500051900.0
2022-04-11,24774.0,24981.0,24606.0,24749.0,24749.0,372617600.0
2022-04-12,24459.0,24810.0,24336.0,24667.0,24667.0,427734600.0
2022-04-13,24588.0,24722.0,24513.0,24722.0,24722.0,398769200.0
2022-04-14,24784.0,24943.0,24659.0,24862.0,24862.0,423365700.0
2022-04-19,24581.0,24675.0,24355.0,24624.0,24624.0,359742400.0
2022-04-20,24661.0,24928.0,24606.0,24878.0,24878.0,370914100.0
2022-04-21,24873.0,24984.0,24806.0,24806.0,24806.0,361956100.0
2022-04-22,24442.0,24601.0,24261.0,24280.0,24280.0,443872600.0
2022-04-25,23888.0,24108.0,23734.0,23909.0,23909.0,358461500.0
2022-04-26,24150.0,24153.0,23679.0,23682.0,23682.0,359105800.0
2022-04-27,23702.0,23887.0,23304.0,23830.0,23830.0,394768900.0
2022-04-28,24040.0,24248.0,23835.0,24056.0,24056.0,329995300.0
2022-04-29,24313.0,24409.0,24129.0,24252.0,24252.0,357495400.0
2022-05-02,24042.0,24121.0,23320.0,23857.0,23857.0,349572200.0
2022-05-03,24035.0,24242.0,23951.0,24242.0,24242.0,358182400.0
2022-05-04,24265.0,24304.0,23894.0,23902.0,23902.0,364539500.0
2022-05-05,24349.0,24441.0,23695.0,23760.0,23760.0,481453500.0
2022-05-06,23688.0,23814.0,23356.0,23476.0,23476.0,484070600.0
2022-05-09,23419.0,23542.0,22833.0,22833.0,22833.0,400315000.0
2022-05-10,23085.0,23378.0,23021.0,23070.0,23070.0,429969700.0
2022-05-11,23276.0,23724.0,23152.0,23724.0,23724.0,471116200.0
2022-05-12,23310.0,23707.0,23219.0,23566.0,23566.0,424182600.0
2022-05-13,23768.0,24048.0,23669.0,24048.0,24048.0,364913400.0
2022-05-16,23979.0,24149.0,23869.0,24033.0,24033.0,321864600.0
2022-05-17,24230.0,24475.0,24168.0,24302.0,24302.0,363427400.0
2022-05-18,24338.0,24388.0,24061.0,24086.0,24086.0,344060900.0
2022-05-19,23877.0,24070.0,23720.0,24065.0,24065.0,340805300.0
2022-05-20,24224.0,24543.0,24035.0,24095.0,24095.0,396640200.0
2022-05-23,24050.0,24137.0,23778.0,24137.0,24137.0,342164500.0
2022-05-24,23890.0,24082.0,23797.0,23876.0,23876.0,358772700.0
2022-05-25,24089.0,24291.0,23854.0,24250.0,24250.0,352799600.0
2022-05-26,24284.0,24572.0,24211.0,24547.0,24547.0,272708200.0
2022-05-27,24636.0,24673.0,24445.0,24636.0,24636.0,284738300.0
2022-05-30,24772.0,24835.0,24675.0,24809.0,24809.0,364633000.0
2022-05-31,24730.0,24788.0,24453.0,24505.0,24505.0,667807100.0
2022-06-01,24657.0,24695.0,24230.0,24284.0,24284.0,361429400.0
2022-06-02,24382.0,24448.0,24287.0,24427.0,24427.0,198464800.0
2022-06-03,24565.0,24575.0,24113.0,24167.0,24167.0,243310500.0
2022-06-06,24352.0,24649.0,24347.0,24566.0,24566.0,252542800.0
2022-06-07,24446.0,24463.0,24209.0,24366.0,24366.0,300169400.0
2022-06-08,24418.0,24445.0,24101.0,24237.0,24237.0,281019400.0
2022-06-09,24077.0,24196.0,23641.0,23777.0,23777.0,355820100.0
2022-06-10,23619.0,23626.0,22545.0,22547.0,22547.0,732032000.0
2022-06-13,22106.0,22255.0,21797.0,21918.0,21918.0,511753800.0
2022-06-14,22107.0,22166.0,21616.0,21847.0,21847.0,407278600.0
2022-06-15,22214.0,22599.0,22079.0,22474.0,22474.0,483970700.0
2022-06-16,22347.0,22397.0,21723.0,21727.0,21727.0,431048500.0
2022-06-17,21748.0,22224.0,21737.0,21789.0,21789.0,670781300.0
2022-06-20,21845.0,22032.0,21723.0,22004.0,22004.0,313111200.0
2022-06-21,22077.0,22294.0,22026.0,22089.0,22089.0,316449000.0
2022-06-22,21719.0,21935.0,21502.0,21789.0,21789.0,333714300.0
2022-06-23,21694.0,21968.0,21452.0,21615.0,21615.0,471403600.0
2022-06-24,21700.0,22160.0,21593.0,22119.0,22119.0,363744400.0
2022-06-27,22219.0,22349.0,21839.0,21929.0,21929.0,343807600.0
2022-06-28,22065.0,22283.0,22026.0,22101.0,22101.0,307070700.0
2022-06-29,21862.0,21975.0,21744.0,21834.0,21834.0,282028700.0
2022-06-30,21495.0,21566.0,21141.0,21294.0,21294.0,522736000.0
2022-07-01,21067.0,21547.0,21024.0,21355.0,21355.0,376541900.0
2022-07-04,21503.0,21566.0,21318.0,21344.0,21344.0,311479800.0
2022-07-05,21479.0,21479.0,20699.0,20705.0,20705.0,416457600.0
2022-07-06,20997.0,21054.0,20743.0,20921.0,20921.0,383257400.0
2022-07-07,21190.0,21581.0,21144.0,21558.0,21558.0,451762500.0
2022-07-08,21541.0,21839.0,21476.0,21774.0,21774.0,353311000.0
2022-07-11,21455.0,21772.0,21434.0,21568.0,21568.0,367306400.0
2022-07-12,21414.0,21511.0,21285.0,21486.0,21486.0,452468500.0
2022-07-13,21405.0,21431.0,21039.0,21286.0,21286.0,362058200.0
2022-07-14,21143.0,21169.0,20421.0,20554.0,20554.0,569346200.0
2022-07-15,20568.0,20977.0,20469.0,20933.0,20933.0,554128100.0
2022-07-18,20933.0,21294.0,20931.0,21169.0,21169.0,420226400.0
2022-07-19,21003.0,21705.0,21002.0,21696.0,21696.0,470556000.0
2022-07-20,21771.0,21842.0,21207.0,21348.0,21348.0,520747600.0
2022-07-21,20918.0,21323.0,20725.0,21197.0,21197.0,724201000.0
2022-07-22,21165.0,21385.0,21094.0,21212.0,21212.0,446864000.0
2022-07-25,21153.0,21414.0,21115.0,21383.0,21383.0,370609200.0
2022-07-26,21351.0,21371.0,21146.0,21160.0,21160.0,377526200.0
2022-07-27,21292.0,21498.0,21252.0,21481.0,21481.0,393246000.0
2022-07-28,21700.0,21932.0,21636.0,21932.0,21932.0,419821600.0
2022-07-29,22197.0,22494.0,22120.0,22405.0,22405.0,526844600.0
2022-08-01,22488.0,22808.0,22429.0,22429.0,22429.0,385204900.0
2022-08-02,22386.0,22402.0,22156.0,22351.0,22351.0,345526300.0
2022-08-03,22375.0,22581.0,22300.0,22575.0,22575.0,427583900.0
2022-08-04,22650.0,22880.0,22590.0,22646.0,22646.0,456256900.0
2022-08-05,22677.0,22732.0,22500.0,22587.0,22587.0,401954400.0
2022-08-08,22722.0,22828.0,22560.0,22728.0,22728.0,292730300.0
2022-08-09,22728.0,22771.0,22470.0,22488.0,22488.0,288696400.0
2022-08-10,22419.0,22733.0,22354.0,22702.0,22702.0,279043900.0
2022-08-11,22814.0,22870.0,22755.0,22858.0,22858.0,277055400.0
2022-08-12,22869.0,23015.0,22866.0,22971.0,22971.0,432556800.0
2022-08-16,23083.0,23154.0,22962.0,22998.0,22998.0,335462100.0
2022-08-17,23091.0,23154.0,22726.0,22758.0,22758.0,306882200.0
2022-08-18,22788.0,22986.0,22786.0,22986.0,22986.0,267309900.0
2022-08-19,22891.0,22931.0,22522.0,22535.0,22535.0,354849400.0
2022-08-22,22356.0,22433.0,22042.0,22166.0,22166.0,416375700.0
2022-08-23,22070.0,22475.0,22042.0,22380.0,22380.0,428462800.0
2022-08-24,22300.0,22466.0,22134.0,22431.0,22431.0,339358000.0
2022-08-25,22581.0,22607.0,22319.0,22454.0,22454.0,422052500.0
2022-08-26,22556.0,22565.0,21888.0,21895.0,21895.0,381928400.0
2022-08-29,21664.0,21904.0,21539.0,21842.0,21842.0,311263600.0
2022-08-30,21960.0,22229.0,21760.0,21825.0,21825.0,405269700.0
2022-08-31,21952.0,21994.0,21559.0,21559.0,21559.0,467509100.0
2022-09-01,21338.0,21447.0,21223.0,21302.0,21302.0,337343100.0
2022-09-02,21423.0,21947.0,21376.0,21921.0,21921.0,375061100.0
2022-09-05,21449.0,21553.0,21270.0,21480.0,21480.0,346167100.0
2022-09-06,21479.0,21626.0,21317.0,21481.0,21481.0,296134000.0
2022-09-07,21318.0,21545.0,21283.0,21489.0,21489.0,481173600.0
2022-09-08,21616.0,21728.0,21203.0,21678.0,21678.0,577406700.0
2022-09-09,21765.0,22167.0,21759.0,22095.0,22095.0,538142200.0
2022-09-12,22227.0,22668.0,22218.0,22610.0,22610.0,482361600.0
2022-09-13,22699.0,22882.0,22304.0,22304.0,22304.0,503454600.0
2022-09-14,22211.0,22502.0,22202.0,22413.0,22413.0,386901600.0
2022-09-15,22418.0,22573.0,22281.0,22366.0,22366.0,465284200.0
2022-09-16,22077.0,22224.0,21896.0,22111.0,22111.0,995122100.0
2022-09-19,22040.0,22266.0,21774.0,22141.0,22141.0,423063400.0
2022-09-20,22273.0,22367.0,21730.0,21774.0,21774.0,527295900.0
2022-09-21,21620.0,22036.0,21615.0,22036.0,22036.0,395912700.0
2022-09-22,21709.0,22186.0,21682.0,21799.0,21799.0,433770900.0
2022-09-23,21741.0,21759.0,21040.0,21067.0,21067.0,500228400.0
2022-09-26,20954.0,21389.0,20954.0,21207.0,21207.0,472341300.0
2022-09-27,21396.0,21493.0,20961.0,20961.0,20961.0,527970000.0
2022-09-28,20768.0,20906.0,20482.0,20853.0,20853.0,509551200.0
2022-09-29,20837.0,20848.0,20183.0,20353.0,20353.0,437743100.0
2022-09-30,20482.0,20692.0,20416.0,20649.0,20649.0,467354100.0
2022-10-03,20475.0,20973.0,20361.0,20973.0,20973.0,400944800.0
2022-10-04,21268.0,21691.0,21207.0,21691.0,21691.0,403945200.0
2022-10-05,21546.0,21620.0,21177.0,21361.0,21361.0,402015300.0
2022-10-06,21463.0,21500.0,21043.0,21141.0,21141.0,397961400.0
2022-10-07,21027.0,21255.0,20862.0,20902.0,20902.0,342344400.0
2022-10-10,20732.0,20975.0,20718.0,20913.0,20913.0,367998900.0
2022-10-11,20720.0,20799.0,20502.0,20731.0,20731.0,455465000.0
2022-10-12,20705.0,20755.0,20421.0,20467.0,20467.0,377391000.0
2022-10-13,20408.0,20826.0,20192.0,20786.0,20786.0,458577200.0
2022-10-14,21105.0,21309.0,20902.0,20931.0,20931.0,435448900.0
2022-10-17,20978.0,21390.0,20856.0,21320.0,21320.0,329692300.0
2022-10-18,21514.0,21828.0,21503.0,21519.0,21519.0,544115900.0
2022-10-19,21637.0,21657.0,21398.0,21472.0,21472.0,317854200.0
2022-10-20,21465.0,21754.0,21398.0,21702.0,21702.0,380199900.0
2022-10-21,21509.0,21643.0,21261.0,21568.0,21568.0,358440400.0
2022-10-24,21757.0,22141.0,21571.0,21983.0,21983.0,425390000.0
2022-10-25,22085.0,22290.0,21858.0,22290.0,22290.0,416215300.0
2022-10-26,22244.0,22405.0,22130.0,22390.0,22390.0,402728500.0
2022-10-27,22285.0,22634.0,22188.0,22590.0,22590.0,598066800.0
2022-10-28,22385.0,22560.0,22255.0,22529.0,22529.0,393453500.0
2022-10-31,22604.0,22725.0,22459.0,22652.0,22652.0,376563300.0
2022-11-01,22860.0,23102.0,22730.0,22796.0,22796.0,467679400.0
2022-11-02,22865.0,22970.0,22778.0,22803.0,22803.0,512251100.0
2022-11-03,22565.0,22706.0,22507.0,22706.0,22706.0,493262700.0
2022-11-04,22815.0,23392.0,22653.0,23282.0,23282.0,691058700.0
2022-11-07,23186.0,23525.0,23158.0,23493.0,23493.0,692042000.0
2022-11-08,23431.0,23732.0,23378.0,23694.0,23694.0,731285800.0
2022-11-09,23697.0,23847.0,23626.0,23780.0,23780.0,463540300.0
2022-11-10,23670.0,24440.0,23669.0,24394.0,24394.0,824957200.0
2022-11-11,24539.0,24676.0,24402.0,24456.0,24456.0,634189300.0
2022-11-14,24583.0,24725.0,24512.0,24597.0,24597.0,394243400.0
2022-11-15,24673.0,24764.0,24498.0,24700.0,24700.0,499693900.0
2022-11-16,24725.0,24759.0,24514.0,24531.0,24531.0,483665300.0
2022-11-17,24626.0,24680.0,24184.0,24340.0,24340.0,465796300.0
2022-11-18,24501.0,24700.0,24422.0,24675.0,24675.0,568161900.0
2022-11-21,24509.0,24567.0,24315.0,24356.0,24356.0,442472800.0
2022-11-22,24456.0,24657.0,24351.0,24591.0,24591.0,356506900.0
2022-11-23,24613.0,24613.0,24399.0,24581.0,24581.0,427043100.0
2022-11-24,24634.0,24761.0,24593.0,24731.0,24731.0,311226900.0
2022-11-25,24744.0,24803.0,24656.0,24719.0,24719.0,255539600.0
2022-11-28,24557.0,24600.0,24407.0,24441.0,24441.0,377821400.0
2022-11-29,24533.0,24562.0,24253.0,24466.0,24466.0,359518400.0
2022-11-30,24585.0,24685.0,24475.0,24610.0,24610.0,681498200.0
2022-12-01,24806.0,24857.0,24599.0,24686.0,24686.0,619545100.0
2022-12-02,24625.0,24702.0,24415.0,24622.0,24622.0,354863900.0
2022-12-05,24607.0,24674.0,24495.0,24548.0,24548.0,271908000.0
2022-12-06,24511.0,24582.0,24265.0,24265.0,24265.0,463522700.0
2022-12-07,24256.0,24429.0,24155.0,24241.0,24241.0,317701100.0
2022-12-08,24278.0,24300.0,24103.0,24207.0,24207.0,243494700.0
2022-12-09,24333.0,24333.0,23941.0,24277.0,24277.0,396141100.0
2022-12-12,24173.0,24353.0,24133.0,24304.0,24304.0,345228100.0
2022-12-13,24396.0,24899.0,24292.0,24637.0,24637.0,464187300.0
2022-12-14,24588.0,24667.0,24514.0,24574.0,24574.0,314553900.0
2022-12-15,24424.0,24481.0,23726.0,23726.0,23726.0,568089000.0
2022-12-16,23738.669922,23814.759766,23505.339844,23688.160156,23688.160156,0.0
